day,hour,zone_id,zone_type,baseline_demand_kw,actual_demand_kw,grid_capacity_kw,load_ratio,stress_level,is_weekend
0,0,Z1,residential,47.76,49.56,380.0,0.13,low,False
0,0,Z2,commercial,142.01,135.09,600.0,0.225,low,False
0,0,Z3,corridor,67.56,64.03,460.0,0.139,low,False
0,0,Z4,mixed,102.72,101.5,520.0,0.195,low,False
0,1,Z1,residential,46.34,49.01,380.0,0.129,low,False
0,1,Z2,commercial,128.65,135.51,600.0,0.226,low,False
0,1,Z3,corridor,66.25,66.91,460.0,0.145,low,False
0,1,Z4,mixed,104.33,102.17,520.0,0.196,low,False
0,2,Z1,residential,60.98,63.69,380.0,0.168,low,False
0,2,Z2,commercial,153.04,146.2,600.0,0.244,low,False
0,2,Z3,corridor,81.11,79.21,460.0,0.172,low,False
0,2,Z4,mixed,110.08,116.7,520.0,0.224,low,False
0,3,Z1,residential,47.01,46.12,380.0,0.121,low,False
0,3,Z2,commercial,135.09,134.51,600.0,0.224,low,False
0,3,Z3,corridor,62.47,66.8,460.0,0.145,low,False
0,3,Z4,mixed,100.84,105.8,520.0,0.203,low,False
0,4,Z1,residential,50.06,47.61,380.0,0.125,low,False
0,4,Z2,commercial,133.76,121.43,600.0,0.202,low,False
0,4,Z3,corridor,70.41,62.94,460.0,0.137,low,False
0,4,Z4,mixed,96.71,96.1,520.0,0.185,low,False
0,5,Z1,residential,129.58,132.25,380.0,0.348,low,False
0,5,Z2,commercial,139.8,138.47,600.0,0.231,low,False
0,5,Z3,corridor,73.16,71.77,460.0,0.156,low,False
0,5,Z4,mixed,103.48,105.43,520.0,0.203,low,False
0,6,Z1,residential,145.93,128.62,380.0,0.338,low,False
0,6,Z2,commercial,146.78,153.42,600.0,0.256,low,False
0,6,Z3,corridor,137.68,147.77,460.0,0.321,low,False
0,6,Z4,mixed,195.6,197.81,520.0,0.38,low,False
0,7,Z1,residential,119.72,120.32,380.0,0.317,low,False
0,7,Z2,commercial,306.53,317.65,600.0,0.529,medium,False
0,7,Z3,corridor,396.05,409.63,460.0,0.89,high,False
0,7,Z4,mixed,229.84,212.18,520.0,0.408,low,False
0,8,Z1,residential,132.99,134.87,380.0,0.355,low,False
0,8,Z2,commercial,323.73,320.41,600.0,0.534,medium,False
0,8,Z3,corridor,400.71,416.98,460.0,0.906,high,False
0,8,Z4,mixed,241.3,235.1,520.0,0.452,low,False
0,9,Z1,residential,115.57,120.38,380.0,0.317,low,False
0,9,Z2,commercial,315.0,312.28,600.0,0.52,medium,False
0,9,Z3,corridor,389.58,376.16,460.0,0.818,high,False
0,9,Z4,mixed,212.11,228.33,520.0,0.439,low,False
0,10,Z1,residential,149.7,141.78,380.0,0.373,low,False
0,10,Z2,commercial,664.85,659.22,600.0,1.099,critical,False
0,10,Z3,corridor,404.18,386.61,460.0,0.84,high,False
0,10,Z4,mixed,239.86,245.33,520.0,0.472,low,False
0,11,Z1,residential,131.09,135.66,380.0,0.357,low,False
0,11,Z2,commercial,658.14,659.78,600.0,1.1,critical,False
0,11,Z3,corridor,145.88,139.32,460.0,0.303,low,False
0,11,Z4,mixed,192.56,182.25,520.0,0.35,low,False
0,12,Z1,residential,126.35,127.67,380.0,0.336,low,False
0,12,Z2,commercial,671.64,663.57,600.0,1.106,critical,False
0,12,Z3,corridor,125.6,126.18,460.0,0.274,low,False
0,12,Z4,mixed,179.16,169.09,520.0,0.325,low,False
0,13,Z1,residential,125.32,127.08,380.0,0.334,low,False
0,13,Z2,commercial,679.86,632.22,600.0,1.054,critical,False
0,13,Z3,corridor,132.75,135.43,460.0,0.294,low,False
0,13,Z4,mixed,187.14,172.73,520.0,0.332,low,False
0,14,Z1,residential,135.61,142.68,380.0,0.375,low,False
0,14,Z2,commercial,681.15,670.28,600.0,1.117,critical,False
0,14,Z3,corridor,143.51,141.03,460.0,0.307,low,False
0,14,Z4,mixed,188.37,192.57,520.0,0.37,low,False
0,15,Z1,residential,137.11,135.13,380.0,0.356,low,False
0,15,Z2,commercial,661.75,683.21,600.0,1.139,critical,False
0,15,Z3,corridor,144.92,141.88,460.0,0.308,low,False
0,15,Z4,mixed,189.14,183.99,520.0,0.354,low,False
0,16,Z1,residential,137.88,127.63,380.0,0.336,low,False
0,16,Z2,commercial,660.58,658.24,600.0,1.097,critical,False
0,16,Z3,corridor,138.44,140.65,460.0,0.306,low,False
0,16,Z4,mixed,373.33,373.14,520.0,0.718,medium,False
0,17,Z1,residential,129.22,125.89,380.0,0.331,low,False
0,17,Z2,commercial,139.16,138.71,600.0,0.231,low,False
0,17,Z3,corridor,403.61,409.94,460.0,0.891,high,False
0,17,Z4,mixed,374.3,378.19,520.0,0.727,medium,False
0,18,Z1,residential,430.16,419.18,380.0,1.103,critical,False
0,18,Z2,commercial,173.94,171.35,600.0,0.286,low,False
0,18,Z3,corridor,403.41,408.39,460.0,0.888,high,False
0,18,Z4,mixed,344.19,366.55,520.0,0.705,medium,False
0,19,Z1,residential,427.04,412.57,380.0,1.086,critical,False
0,19,Z2,commercial,178.16,178.87,600.0,0.298,low,False
0,19,Z3,corridor,401.59,402.02,460.0,0.874,high,False
0,19,Z4,mixed,373.62,363.18,520.0,0.698,medium,False
0,20,Z1,residential,471.84,465.15,380.0,1.224,critical,False
0,20,Z2,commercial,187.73,181.24,600.0,0.302,low,False
0,20,Z3,corridor,406.67,394.56,460.0,0.858,high,False
0,20,Z4,mixed,391.55,375.44,520.0,0.722,medium,False
0,21,Z1,residential,440.2,450.28,380.0,1.185,critical,False
0,21,Z2,commercial,179.45,180.3,600.0,0.301,low,False
0,21,Z3,corridor,386.14,399.67,460.0,0.869,high,False
0,21,Z4,mixed,381.17,392.61,520.0,0.755,medium,False
0,22,Z1,residential,420.33,455.07,380.0,1.198,critical,False
0,22,Z2,commercial,148.81,144.21,600.0,0.24,low,False
0,22,Z3,corridor,80.44,77.4,460.0,0.168,low,False
0,22,Z4,mixed,183.28,191.5,520.0,0.368,low,False
0,23,Z1,residential,63.5,62.81,380.0,0.165,low,False
0,23,Z2,commercial,146.02,151.34,600.0,0.252,low,False
0,23,Z3,corridor,79.16,82.51,460.0,0.179,low,False
0,23,Z4,mixed,115.86,114.54,520.0,0.22,low,False
1,0,Z1,residential,51.37,50.47,380.0,0.133,low,False
1,0,Z2,commercial,143.49,142.65,600.0,0.238,low,False
1,0,Z3,corridor,70.56,75.23,460.0,0.164,low,False
1,0,Z4,mixed,104.5,107.2,520.0,0.206,low,False
1,1,Z1,residential,62.32,56.67,380.0,0.149,low,False
1,1,Z2,commercial,155.89,147.78,600.0,0.246,low,False
1,1,Z3,corridor,80.6,77.33,460.0,0.168,low,False
1,1,Z4,mixed,121.4,114.7,520.0,0.221,low,False
1,2,Z1,residential,59.04,54.45,380.0,0.143,low,False
1,2,Z2,commercial,139.38,151.35,600.0,0.252,low,False
1,2,Z3,corridor,74.81,75.84,460.0,0.165,low,False
1,2,Z4,mixed,109.64,110.82,520.0,0.213,low,False
1,3,Z1,residential,62.09,64.64,380.0,0.17,low,False
1,3,Z2,commercial,151.78,156.62,600.0,0.261,low,False
1,3,Z3,corridor,80.28,81.15,460.0,0.176,low,False
1,3,Z4,mixed,122.53,126.41,520.0,0.243,low,False
1,4,Z1,residential,53.21,55.27,380.0,0.145,low,False
1,4,Z2,commercial,148.19,146.0,600.0,0.243,low,False
1,4,Z3,corridor,70.97,72.43,460.0,0.157,low,False
1,4,Z4,mixed,112.48,101.52,520.0,0.195,low,False
1,5,Z1,residential,143.59,144.96,380.0,0.381,low,False
1,5,Z2,commercial,155.44,159.51,600.0,0.266,low,False
1,5,Z3,corridor,83.48,87.02,460.0,0.189,low,False
1,5,Z4,mixed,122.64,121.67,520.0,0.234,low,False
1,6,Z1,residential,147.45,139.34,380.0,0.367,low,False
1,6,Z2,commercial,165.2,152.9,600.0,0.255,low,False
1,6,Z3,corridor,154.46,156.54,460.0,0.34,low,False
1,6,Z4,mixed,199.63,196.66,520.0,0.378,low,False
1,7,Z1,residential,131.48,135.41,380.0,0.356,low,False
1,7,Z2,commercial,336.13,352.82,600.0,0.588,medium,False
1,7,Z3,corridor,428.9,411.5,460.0,0.895,high,False
1,7,Z4,mixed,255.74,251.78,520.0,0.484,low,False
1,8,Z1,residential,132.08,125.78,380.0,0.331,low,False
1,8,Z2,commercial,353.57,333.41,600.0,0.556,medium,False
1,8,Z3,corridor,443.51,438.69,460.0,0.954,high,False
1,8,Z4,mixed,247.61,261.43,520.0,0.503,medium,False
1,9,Z1,residential,142.64,137.59,380.0,0.362,low,False
1,9,Z2,commercial,366.31,318.1,600.0,0.53,medium,False
1,9,Z3,corridor,435.13,433.36,460.0,0.942,high,False
1,9,Z4,mixed,247.17,245.37,520.0,0.472,low,False
1,10,Z1,residential,143.24,148.63,380.0,0.391,low,False
1,10,Z2,commercial,695.32,698.03,600.0,1.163,critical,False
1,10,Z3,corridor,450.36,443.67,460.0,0.965,high,False
1,10,Z4,mixed,257.2,247.09,520.0,0.475,low,False
1,11,Z1,residential,139.39,141.7,380.0,0.373,low,False
1,11,Z2,commercial,713.45,697.49,600.0,1.162,critical,False
1,11,Z3,corridor,134.0,135.43,460.0,0.294,low,False
1,11,Z4,mixed,183.89,179.22,520.0,0.345,low,False
1,12,Z1,residential,151.54,143.2,380.0,0.377,low,False
1,12,Z2,commercial,665.33,678.52,600.0,1.131,critical,False
1,12,Z3,corridor,156.67,160.15,460.0,0.348,low,False
1,12,Z4,mixed,196.69,197.03,520.0,0.379,low,False
1,13,Z1,residential,145.73,157.93,380.0,0.416,low,False
1,13,Z2,commercial,699.68,746.51,600.0,1.244,critical,False
1,13,Z3,corridor,157.88,152.93,460.0,0.332,low,False
1,13,Z4,mixed,203.13,201.47,520.0,0.387,low,False
1,14,Z1,residential,150.37,145.16,380.0,0.382,low,False
1,14,Z2,commercial,702.35,692.87,600.0,1.155,critical,False
1,14,Z3,corridor,159.56,140.57,460.0,0.306,low,False
1,14,Z4,mixed,195.44,200.08,520.0,0.385,low,False
1,15,Z1,residential,150.35,150.16,380.0,0.395,low,False
1,15,Z2,commercial,693.06,682.14,600.0,1.137,critical,False
1,15,Z3,corridor,149.48,153.69,460.0,0.334,low,False
1,15,Z4,mixed,203.02,195.0,520.0,0.375,low,False
1,16,Z1,residential,148.69,145.1,380.0,0.382,low,False
1,16,Z2,commercial,702.41,685.15,600.0,1.142,critical,False
1,16,Z3,corridor,149.81,153.57,460.0,0.334,low,False
1,16,Z4,mixed,397.71,401.36,520.0,0.772,medium,False
1,17,Z1,residential,138.45,145.19,380.0,0.382,low,False
1,17,Z2,commercial,145.03,156.26,600.0,0.26,low,False
1,17,Z3,corridor,408.74,430.92,460.0,0.937,high,False
1,17,Z4,mixed,403.6,383.8,520.0,0.738,medium,False
1,18,Z1,residential,493.36,465.32,380.0,1.225,critical,False
1,18,Z2,commercial,185.06,178.14,600.0,0.297,low,False
1,18,Z3,corridor,414.61,422.84,460.0,0.919,high,False
1,18,Z4,mixed,403.54,388.85,520.0,0.748,medium,False
1,19,Z1,residential,445.32,490.3,380.0,1.29,critical,False
1,19,Z2,commercial,196.77,189.0,600.0,0.315,low,False
1,19,Z3,corridor,446.92,463.64,460.0,1.008,critical,False
1,19,Z4,mixed,400.72,413.0,520.0,0.794,medium,False
1,20,Z1,residential,455.73,461.21,380.0,1.214,critical,False
1,20,Z2,commercial,189.21,183.22,600.0,0.305,low,False
1,20,Z3,corridor,435.33,445.72,460.0,0.969,high,False
1,20,Z4,mixed,394.88,391.35,520.0,0.753,medium,False
1,21,Z1,residential,432.41,493.74,380.0,1.299,critical,False
1,21,Z2,commercial,199.8,189.87,600.0,0.316,low,False
1,21,Z3,corridor,451.99,445.92,460.0,0.969,high,False
1,21,Z4,mixed,405.67,396.03,520.0,0.762,medium,False
1,22,Z1,residential,482.55,486.13,380.0,1.279,critical,False
1,22,Z2,commercial,146.82,142.79,600.0,0.238,low,False
1,22,Z3,corridor,72.55,71.71,460.0,0.156,low,False
1,22,Z4,mixed,184.53,180.01,520.0,0.346,low,False
1,23,Z1,residential,54.94,55.37,380.0,0.146,low,False
1,23,Z2,commercial,138.46,152.5,600.0,0.254,low,False
1,23,Z3,corridor,74.27,76.25,460.0,0.166,low,False
1,23,Z4,mixed,107.62,103.62,520.0,0.199,low,False
2,0,Z1,residential,71.22,72.51,380.0,0.191,low,False
2,0,Z2,commercial,163.29,165.08,600.0,0.275,low,False
2,0,Z3,corridor,86.68,94.88,460.0,0.206,low,False
2,0,Z4,mixed,126.81,128.73,520.0,0.248,low,False
2,1,Z1,residential,69.23,70.03,380.0,0.184,low,False
2,1,Z2,commercial,156.87,170.12,600.0,0.284,low,False
2,1,Z3,corridor,90.24,93.0,460.0,0.202,low,False
2,1,Z4,mixed,134.07,129.37,520.0,0.249,low,False
2,2,Z1,residential,60.72,55.47,380.0,0.146,low,False
2,2,Z2,commercial,148.52,154.09,600.0,0.257,low,False
2,2,Z3,corridor,75.59,80.84,460.0,0.176,low,False
2,2,Z4,mixed,115.04,114.41,520.0,0.22,low,False
2,3,Z1,residential,58.47,57.46,380.0,0.151,low,False
2,3,Z2,commercial,144.9,153.8,600.0,0.256,low,False
2,3,Z3,corridor,73.63,81.33,460.0,0.177,low,False
2,3,Z4,mixed,118.17,114.05,520.0,0.219,low,False
2,4,Z1,residential,61.2,63.6,380.0,0.167,low,False
2,4,Z2,commercial,155.33,154.11,600.0,0.257,low,False
2,4,Z3,corridor,80.34,76.75,460.0,0.167,low,False
2,4,Z4,mixed,114.13,117.36,520.0,0.226,low,False
2,5,Z1,residential,154.32,151.76,380.0,0.399,low,False
2,5,Z2,commercial,153.03,163.32,600.0,0.272,low,False
2,5,Z3,corridor,80.65,82.14,460.0,0.179,low,False
2,5,Z4,mixed,124.47,118.64,520.0,0.228,low,False
2,6,Z1,residential,133.88,132.67,380.0,0.349,low,False
2,6,Z2,commercial,154.45,155.0,600.0,0.258,low,False
2,6,Z3,corridor,153.19,153.4,460.0,0.333,low,False
2,6,Z4,mixed,198.52,204.8,520.0,0.394,low,False
2,7,Z1,residential,154.31,152.69,380.0,0.402,low,False
2,7,Z2,commercial,387.0,366.78,600.0,0.611,medium,False
2,7,Z3,corridor,464.9,484.55,460.0,1.053,critical,False
2,7,Z4,mixed,264.28,250.62,520.0,0.482,low,False
2,8,Z1,residential,147.39,150.43,380.0,0.396,low,False
2,8,Z2,commercial,365.39,369.83,600.0,0.616,medium,False
2,8,Z3,corridor,470.93,477.0,460.0,1.037,critical,False
2,8,Z4,mixed,263.09,282.73,520.0,0.544,medium,False
2,9,Z1,residential,154.52,150.08,380.0,0.395,low,False
2,9,Z2,commercial,352.1,376.86,600.0,0.628,medium,False
2,9,Z3,corridor,488.87,455.49,460.0,0.99,high,False
2,9,Z4,mixed,271.82,276.24,520.0,0.531,medium,False
2,10,Z1,residential,160.34,160.89,380.0,0.423,low,False
2,10,Z2,commercial,723.6,753.61,600.0,1.256,critical,False
2,10,Z3,corridor,462.61,489.18,460.0,1.063,critical,False
2,10,Z4,mixed,276.44,257.63,520.0,0.495,low,False
2,11,Z1,residential,139.05,143.46,380.0,0.378,low,False
2,11,Z2,commercial,771.92,742.77,600.0,1.238,critical,False
2,11,Z3,corridor,144.11,147.78,460.0,0.321,low,False
2,11,Z4,mixed,198.41,193.76,520.0,0.373,low,False
2,12,Z1,residential,144.52,147.29,380.0,0.388,low,False
2,12,Z2,commercial,722.07,747.79,600.0,1.246,critical,False
2,12,Z3,corridor,149.21,158.08,460.0,0.344,low,False
2,12,Z4,mixed,199.5,199.83,520.0,0.384,low,False
2,13,Z1,residential,165.21,168.14,380.0,0.442,low,False
2,13,Z2,commercial,736.66,732.97,600.0,1.222,critical,False
2,13,Z3,corridor,160.7,165.15,460.0,0.359,low,False
2,13,Z4,mixed,214.65,205.53,520.0,0.395,low,False
2,14,Z1,residential,161.19,148.26,380.0,0.39,low,False
2,14,Z2,commercial,726.48,740.78,600.0,1.235,critical,False
2,14,Z3,corridor,164.45,153.19,460.0,0.333,low,False
2,14,Z4,mixed,204.39,202.9,520.0,0.39,low,False
2,15,Z1,residential,149.05,150.33,380.0,0.396,low,False
2,15,Z2,commercial,725.06,704.39,600.0,1.174,critical,False
2,15,Z3,corridor,150.84,153.73,460.0,0.334,low,False
2,15,Z4,mixed,204.63,200.04,520.0,0.385,low,False
2,16,Z1,residential,140.24,147.83,380.0,0.389,low,False
2,16,Z2,commercial,742.88,724.61,600.0,1.208,critical,False
2,16,Z3,corridor,138.89,153.59,460.0,0.334,low,False
2,16,Z4,mixed,392.97,428.1,520.0,0.823,high,False
2,17,Z1,residential,150.55,140.84,380.0,0.371,low,False
2,17,Z2,commercial,149.99,152.11,600.0,0.254,low,False
2,17,Z3,corridor,440.01,447.42,460.0,0.973,high,False
2,17,Z4,mixed,442.45,399.66,520.0,0.769,medium,False
2,18,Z1,residential,513.82,513.81,380.0,1.352,critical,False
2,18,Z2,commercial,199.5,186.86,600.0,0.311,low,False
2,18,Z3,corridor,455.99,440.22,460.0,0.957,high,False
2,18,Z4,mixed,405.05,414.82,520.0,0.798,medium,False
2,19,Z1,residential,487.95,497.01,380.0,1.308,critical,False
2,19,Z2,commercial,184.75,184.96,600.0,0.308,low,False
2,19,Z3,corridor,443.41,437.31,460.0,0.951,high,False
2,19,Z4,mixed,410.9,420.56,520.0,0.809,high,False
2,20,Z1,residential,498.04,487.67,380.0,1.283,critical,False
2,20,Z2,commercial,186.71,191.34,600.0,0.319,low,False
2,20,Z3,corridor,458.1,454.95,460.0,0.989,high,False
2,20,Z4,mixed,398.93,431.37,520.0,0.83,high,False
2,21,Z1,residential,531.46,511.63,380.0,1.346,critical,False
2,21,Z2,commercial,200.38,194.82,600.0,0.325,low,False
2,21,Z3,corridor,469.71,467.42,460.0,1.016,critical,False
2,21,Z4,mixed,423.52,416.77,520.0,0.801,high,False
2,22,Z1,residential,516.56,499.58,380.0,1.315,critical,False
2,22,Z2,commercial,149.33,158.09,600.0,0.263,low,False
2,22,Z3,corridor,78.56,80.53,460.0,0.175,low,False
2,22,Z4,mixed,194.63,192.15,520.0,0.37,low,False
2,23,Z1,residential,58.47,60.25,380.0,0.159,low,False
2,23,Z2,commercial,142.98,152.74,600.0,0.255,low,False
2,23,Z3,corridor,80.13,83.38,460.0,0.181,low,False
2,23,Z4,mixed,117.02,118.09,520.0,0.227,low,False
3,0,Z1,residential,58.76,61.74,380.0,0.162,low,False
3,0,Z2,commercial,153.89,156.18,600.0,0.26,low,False
3,0,Z3,corridor,81.14,80.06,460.0,0.174,low,False
3,0,Z4,mixed,119.01,116.18,520.0,0.223,low,False
3,1,Z1,residential,71.06,77.6,380.0,0.204,low,False
3,1,Z2,commercial,173.22,173.0,600.0,0.288,low,False
3,1,Z3,corridor,94.15,93.0,460.0,0.202,low,False
3,1,Z4,mixed,138.85,136.41,520.0,0.262,low,False
3,2,Z1,residential,59.23,60.71,380.0,0.16,low,False
3,2,Z2,commercial,154.74,164.99,600.0,0.275,low,False
3,2,Z3,corridor,83.92,81.38,460.0,0.177,low,False
3,2,Z4,mixed,118.38,120.11,520.0,0.231,low,False
3,3,Z1,residential,75.87,76.59,380.0,0.202,low,False
3,3,Z2,commercial,170.55,167.32,600.0,0.279,low,False
3,3,Z3,corridor,95.15,96.22,460.0,0.209,low,False
3,3,Z4,mixed,135.12,133.96,520.0,0.258,low,False
3,4,Z1,residential,74.0,79.47,380.0,0.209,low,False
3,4,Z2,commercial,173.5,177.3,600.0,0.296,low,False
3,4,Z3,corridor,99.85,96.81,460.0,0.21,low,False
3,4,Z4,mixed,137.85,142.09,520.0,0.273,low,False
3,5,Z1,residential,152.19,166.48,380.0,0.438,low,False
3,5,Z2,commercial,166.07,168.83,600.0,0.281,low,False
3,5,Z3,corridor,88.5,91.2,460.0,0.198,low,False
3,5,Z4,mixed,127.16,128.3,520.0,0.247,low,False
3,6,Z1,residential,149.13,144.81,380.0,0.381,low,False
3,6,Z2,commercial,156.39,156.87,600.0,0.261,low,False
3,6,Z3,corridor,160.28,160.58,460.0,0.349,low,False
3,6,Z4,mixed,209.18,218.45,520.0,0.42,low,False
3,7,Z1,residential,138.04,148.14,380.0,0.39,low,False
3,7,Z2,commercial,368.78,360.08,600.0,0.6,medium,False
3,7,Z3,corridor,484.03,488.11,460.0,1.061,critical,False
3,7,Z4,mixed,261.74,277.99,520.0,0.535,medium,False
3,8,Z1,residential,147.15,151.96,380.0,0.4,low,False
3,8,Z2,commercial,383.02,369.74,600.0,0.616,medium,False
3,8,Z3,corridor,495.5,471.15,460.0,1.024,critical,False
3,8,Z4,mixed,273.32,271.19,520.0,0.522,medium,False
3,9,Z1,residential,155.66,149.42,380.0,0.393,low,False
3,9,Z2,commercial,385.56,361.55,600.0,0.603,medium,False
3,9,Z3,corridor,503.63,499.89,460.0,1.087,critical,False
3,9,Z4,mixed,261.98,276.17,520.0,0.531,medium,False
3,10,Z1,residential,155.12,171.76,380.0,0.452,low,False
3,10,Z2,commercial,762.87,762.24,600.0,1.27,critical,False
3,10,Z3,corridor,468.38,501.56,460.0,1.09,critical,False
3,10,Z4,mixed,272.11,272.31,520.0,0.524,medium,False
3,11,Z1,residential,166.3,161.76,380.0,0.426,low,False
3,11,Z2,commercial,808.44,754.44,600.0,1.257,critical,False
3,11,Z3,corridor,167.18,166.76,460.0,0.363,low,False
3,11,Z4,mixed,209.28,213.58,520.0,0.411,low,False
3,12,Z1,residential,159.14,152.88,380.0,0.402,low,False
3,12,Z2,commercial,744.22,759.01,600.0,1.265,critical,False
3,12,Z3,corridor,152.98,159.31,460.0,0.346,low,False
3,12,Z4,mixed,213.02,210.49,520.0,0.405,low,False
3,13,Z1,residential,174.49,163.37,380.0,0.43,low,False
3,13,Z2,commercial,788.74,792.67,600.0,1.321,critical,False
3,13,Z3,corridor,175.72,182.65,460.0,0.397,low,False
3,13,Z4,mixed,220.86,230.23,520.0,0.443,low,False
3,14,Z1,residential,162.75,166.48,380.0,0.438,low,False
3,14,Z2,commercial,776.89,779.92,600.0,1.3,critical,False
3,14,Z3,corridor,173.75,172.13,460.0,0.374,low,False
3,14,Z4,mixed,208.87,220.38,520.0,0.424,low,False
3,15,Z1,residential,161.75,162.09,380.0,0.427,low,False
3,15,Z2,commercial,738.63,767.57,600.0,1.279,critical,False
3,15,Z3,corridor,174.36,164.96,460.0,0.359,low,False
3,15,Z4,mixed,218.8,212.5,520.0,0.409,low,False
3,16,Z1,residential,162.69,164.43,380.0,0.433,low,False
3,16,Z2,commercial,732.44,748.94,600.0,1.248,critical,False
3,16,Z3,corridor,169.05,169.21,460.0,0.368,low,False
3,16,Z4,mixed,423.26,439.3,520.0,0.845,high,False
3,17,Z1,residential,165.43,169.54,380.0,0.446,low,False
3,17,Z2,commercial,174.71,172.35,600.0,0.287,low,False
3,17,Z3,corridor,486.0,488.36,460.0,1.062,critical,False
3,17,Z4,mixed,420.75,438.46,520.0,0.843,high,False
3,18,Z1,residential,553.23,554.17,380.0,1.458,critical,False
3,18,Z2,commercial,208.61,200.43,600.0,0.334,low,False
3,18,Z3,corridor,468.56,473.47,460.0,1.029,critical,False
3,18,Z4,mixed,444.77,444.56,520.0,0.855,high,False
3,19,Z1,residential,551.46,561.11,380.0,1.477,critical,False
3,19,Z2,commercial,204.74,214.99,600.0,0.358,low,False
3,19,Z3,corridor,493.41,502.62,460.0,1.093,critical,False
3,19,Z4,mixed,427.3,429.48,520.0,0.826,high,False
3,20,Z1,residential,554.44,585.8,380.0,1.542,critical,False
3,20,Z2,commercial,209.03,223.18,600.0,0.372,low,False
3,20,Z3,corridor,468.98,493.41,460.0,1.073,critical,False
3,20,Z4,mixed,454.91,450.2,520.0,0.866,high,False
3,21,Z1,residential,542.68,541.71,380.0,1.426,critical,False
3,21,Z2,commercial,202.82,194.85,600.0,0.325,low,False
3,21,Z3,corridor,478.6,502.97,460.0,1.093,critical,False
3,21,Z4,mixed,440.87,413.03,520.0,0.794,medium,False
3,22,Z1,residential,556.76,543.7,380.0,1.431,critical,False
3,22,Z2,commercial,158.72,155.44,600.0,0.259,low,False
3,22,Z3,corridor,93.99,89.15,460.0,0.194,low,False
3,22,Z4,mixed,219.98,214.85,520.0,0.413,low,False
3,23,Z1,residential,72.03,70.72,380.0,0.186,low,False
3,23,Z2,commercial,161.06,160.31,600.0,0.267,low,False
3,23,Z3,corridor,87.83,92.72,460.0,0.202,low,False
3,23,Z4,mixed,124.63,124.52,520.0,0.239,low,False
4,0,Z1,residential,71.02,68.48,380.0,0.18,low,False
4,0,Z2,commercial,173.68,171.54,600.0,0.286,low,False
4,0,Z3,corridor,91.47,91.46,460.0,0.199,low,False
4,0,Z4,mixed,126.69,127.66,520.0,0.245,low,False
4,1,Z1,residential,65.8,65.43,380.0,0.172,low,False
4,1,Z2,commercial,165.17,176.58,600.0,0.294,low,False
4,1,Z3,corridor,87.28,91.99,460.0,0.2,low,False
4,1,Z4,mixed,130.55,128.15,520.0,0.246,low,False
4,2,Z1,residential,67.38,63.8,380.0,0.168,low,False
4,2,Z2,commercial,164.0,166.87,600.0,0.278,low,False
4,2,Z3,corridor,92.08,87.01,460.0,0.189,low,False
4,2,Z4,mixed,136.47,120.38,520.0,0.231,low,False
4,3,Z1,residential,74.29,71.38,380.0,0.188,low,False
4,3,Z2,commercial,175.47,173.04,600.0,0.288,low,False
4,3,Z3,corridor,91.31,93.73,460.0,0.204,low,False
4,3,Z4,mixed,140.39,139.18,520.0,0.268,low,False
4,4,Z1,residential,60.9,67.09,380.0,0.177,low,False
4,4,Z2,commercial,161.93,157.3,600.0,0.262,low,False
4,4,Z3,corridor,84.16,88.51,460.0,0.192,low,False
4,4,Z4,mixed,129.09,126.04,520.0,0.242,low,False
4,5,Z1,residential,183.64,164.04,380.0,0.432,low,False
4,5,Z2,commercial,174.05,172.72,600.0,0.288,low,False
4,5,Z3,corridor,98.57,97.16,460.0,0.211,low,False
4,5,Z4,mixed,138.19,134.98,520.0,0.26,low,False
4,6,Z1,residential,171.46,168.78,380.0,0.444,low,False
4,6,Z2,commercial,171.41,178.5,600.0,0.297,low,False
4,6,Z3,corridor,181.14,168.69,460.0,0.367,low,False
4,6,Z4,mixed,220.2,229.29,520.0,0.441,low,False
4,7,Z1,residential,162.09,157.88,380.0,0.415,low,False
4,7,Z2,commercial,383.81,395.17,600.0,0.659,medium,False
4,7,Z3,corridor,503.9,478.41,460.0,1.04,critical,False
4,7,Z4,mixed,282.71,280.22,520.0,0.539,medium,False
4,8,Z1,residential,171.42,173.48,380.0,0.457,low,False
4,8,Z2,commercial,406.84,392.38,600.0,0.654,medium,False
4,8,Z3,corridor,527.02,525.58,460.0,1.143,critical,False
4,8,Z4,mixed,289.68,296.91,520.0,0.571,medium,False
4,9,Z1,residential,166.16,167.17,380.0,0.44,low,False
4,9,Z2,commercial,377.57,389.09,600.0,0.648,medium,False
4,9,Z3,corridor,513.62,544.7,460.0,1.184,critical,False
4,9,Z4,mixed,292.27,305.45,520.0,0.587,medium,False
4,10,Z1,residential,164.72,173.62,380.0,0.457,low,False
4,10,Z2,commercial,762.08,789.91,600.0,1.317,critical,False
4,10,Z3,corridor,507.01,526.71,460.0,1.145,critical,False
4,10,Z4,mixed,276.74,280.12,520.0,0.539,medium,False
4,11,Z1,residential,181.11,176.53,380.0,0.465,low,False
4,11,Z2,commercial,818.53,813.19,600.0,1.355,critical,False
4,11,Z3,corridor,181.41,183.76,460.0,0.399,low,False
4,11,Z4,mixed,230.88,225.83,520.0,0.434,low,False
4,12,Z1,residential,175.28,175.95,380.0,0.463,low,False
4,12,Z2,commercial,827.81,788.79,600.0,1.315,critical,False
4,12,Z3,corridor,172.6,182.87,460.0,0.398,low,False
4,12,Z4,mixed,221.35,230.21,520.0,0.443,low,False
4,13,Z1,residential,188.05,172.46,380.0,0.454,low,False
4,13,Z2,commercial,818.1,827.68,600.0,1.379,critical,False
4,13,Z3,corridor,175.72,173.05,460.0,0.376,low,False
4,13,Z4,mixed,239.33,237.7,520.0,0.457,low,False
4,14,Z1,residential,170.69,170.95,380.0,0.45,low,False
4,14,Z2,commercial,793.87,746.81,600.0,1.245,critical,False
4,14,Z3,corridor,172.47,170.97,460.0,0.372,low,False
4,14,Z4,mixed,233.72,218.2,520.0,0.42,low,False
4,15,Z1,residential,162.13,164.14,380.0,0.432,low,False
4,15,Z2,commercial,764.05,782.19,600.0,1.304,critical,False
4,15,Z3,corridor,171.4,168.03,460.0,0.365,low,False
4,15,Z4,mixed,208.88,215.71,520.0,0.415,low,False
4,16,Z1,residential,166.98,169.68,380.0,0.447,low,False
4,16,Z2,commercial,771.56,806.27,600.0,1.344,critical,False
4,16,Z3,corridor,168.94,163.58,460.0,0.356,low,False
4,16,Z4,mixed,438.78,466.43,520.0,0.897,high,False
4,17,Z1,residential,183.65,183.36,380.0,0.483,low,False
4,17,Z2,commercial,185.17,189.4,600.0,0.316,low,False
4,17,Z3,corridor,507.5,546.26,460.0,1.188,critical,False
4,17,Z4,mixed,468.53,489.58,520.0,0.942,high,False
4,18,Z1,residential,581.44,582.19,380.0,1.532,critical,False
4,18,Z2,commercial,225.15,222.59,600.0,0.371,low,False
4,18,Z3,corridor,533.05,511.39,460.0,1.112,critical,False
4,18,Z4,mixed,467.04,463.71,520.0,0.892,high,False
4,19,Z1,residential,548.59,578.23,380.0,1.522,critical,False
4,19,Z2,commercial,216.47,224.34,600.0,0.374,low,False
4,19,Z3,corridor,514.23,501.05,460.0,1.089,critical,False
4,19,Z4,mixed,453.98,441.87,520.0,0.85,high,False
4,20,Z1,residential,554.56,570.49,380.0,1.501,critical,False
4,20,Z2,commercial,219.55,216.07,600.0,0.36,low,False
4,20,Z3,corridor,494.73,481.17,460.0,1.046,critical,False
4,20,Z4,mixed,481.34,462.08,520.0,0.889,high,False
4,21,Z1,residential,604.93,577.68,380.0,1.52,critical,False
4,21,Z2,commercial,216.47,218.9,600.0,0.365,low,False
4,21,Z3,corridor,551.47,517.8,460.0,1.126,critical,False
4,21,Z4,mixed,450.14,455.84,520.0,0.877,high,False
4,22,Z1,residential,578.45,593.46,380.0,1.562,critical,False
4,22,Z2,commercial,175.52,179.45,600.0,0.299,low,False
4,22,Z3,corridor,96.24,99.76,460.0,0.217,low,False
4,22,Z4,mixed,224.87,233.03,520.0,0.448,low,False
4,23,Z1,residential,80.37,81.08,380.0,0.213,low,False
4,23,Z2,commercial,183.37,175.51,600.0,0.293,low,False
4,23,Z3,corridor,100.81,93.03,460.0,0.202,low,False
4,23,Z4,mixed,133.37,140.81,520.0,0.271,low,False
5,0,Z1,residential,87.37,82.92,380.0,0.218,low,True
5,0,Z2,commercial,201.1,197.15,600.0,0.329,low,True
5,0,Z3,corridor,105.94,112.99,460.0,0.246,low,True
5,0,Z4,mixed,168.84,156.99,520.0,0.302,low,True
5,1,Z1,residential,75.98,81.91,380.0,0.216,low,True
5,1,Z2,commercial,201.31,195.75,600.0,0.326,low,True
5,1,Z3,corridor,104.01,104.52,460.0,0.227,low,True
5,1,Z4,mixed,150.94,155.32,520.0,0.299,low,True
5,2,Z1,residential,93.19,90.2,380.0,0.237,low,True
5,2,Z2,commercial,218.57,219.15,600.0,0.365,low,True
5,2,Z3,corridor,119.47,115.63,460.0,0.251,low,True
5,2,Z4,mixed,173.13,164.63,520.0,0.317,low,True
5,3,Z1,residential,90.03,95.7,380.0,0.252,low,True
5,3,Z2,commercial,206.77,210.5,600.0,0.351,low,True
5,3,Z3,corridor,118.23,124.35,460.0,0.27,low,True
5,3,Z4,mixed,172.19,163.75,520.0,0.315,low,True
5,4,Z1,residential,79.3,83.7,380.0,0.22,low,True
5,4,Z2,commercial,201.6,201.67,600.0,0.336,low,True
5,4,Z3,corridor,104.39,105.6,460.0,0.23,low,True
5,4,Z4,mixed,148.5,154.78,520.0,0.298,low,True
5,5,Z1,residential,210.01,215.87,380.0,0.568,medium,True
5,5,Z2,commercial,205.67,216.2,600.0,0.36,low,True
5,5,Z3,corridor,118.92,116.07,460.0,0.252,low,True
5,5,Z4,mixed,163.61,167.25,520.0,0.322,low,True
5,6,Z1,residential,196.49,199.79,380.0,0.526,medium,True
5,6,Z2,commercial,203.0,214.36,600.0,0.357,low,True
5,6,Z3,corridor,199.56,213.56,460.0,0.464,low,True
5,6,Z4,mixed,276.61,280.96,520.0,0.54,medium,True
5,7,Z1,residential,192.34,196.11,380.0,0.516,medium,True
5,7,Z2,commercial,484.06,487.95,600.0,0.813,high,True
5,7,Z3,corridor,646.08,654.0,460.0,1.422,critical,True
5,7,Z4,mixed,355.8,364.81,520.0,0.702,medium,True
5,8,Z1,residential,199.46,200.31,380.0,0.527,medium,True
5,8,Z2,commercial,472.64,507.01,600.0,0.845,high,True
5,8,Z3,corridor,612.12,592.95,460.0,1.289,critical,True
5,8,Z4,mixed,371.74,365.41,520.0,0.703,medium,True
5,9,Z1,residential,203.71,206.97,380.0,0.545,medium,True
5,9,Z2,commercial,491.18,508.14,600.0,0.847,high,True
5,9,Z3,corridor,618.84,639.38,460.0,1.39,critical,True
5,9,Z4,mixed,362.08,354.92,520.0,0.683,medium,True
5,10,Z1,residential,209.28,212.55,380.0,0.559,medium,True
5,10,Z2,commercial,881.77,972.13,600.0,1.62,critical,True
5,10,Z3,corridor,613.27,638.31,460.0,1.388,critical,True
5,10,Z4,mixed,335.84,352.63,520.0,0.678,medium,True
5,11,Z1,residential,216.32,212.74,380.0,0.56,medium,True
5,11,Z2,commercial,986.86,977.63,600.0,1.629,critical,True
5,11,Z3,corridor,215.89,236.77,460.0,0.515,medium,True
5,11,Z4,mixed,274.81,266.25,520.0,0.512,medium,True
5,12,Z1,residential,212.19,220.41,380.0,0.58,medium,True
5,12,Z2,commercial,944.52,918.74,600.0,1.531,critical,True
5,12,Z3,corridor,213.22,215.41,460.0,0.468,low,True
5,12,Z4,mixed,274.77,274.86,520.0,0.529,medium,True
5,13,Z1,residential,205.28,213.71,380.0,0.562,medium,True
5,13,Z2,commercial,1025.55,1061.59,600.0,1.769,critical,True
5,13,Z3,corridor,222.78,218.67,460.0,0.475,low,True
5,13,Z4,mixed,276.88,277.24,520.0,0.533,medium,True
5,14,Z1,residential,203.49,206.66,380.0,0.544,medium,True
5,14,Z2,commercial,936.75,904.11,600.0,1.507,critical,True
5,14,Z3,corridor,202.92,208.48,460.0,0.453,low,True
5,14,Z4,mixed,262.44,269.58,520.0,0.518,medium,True
5,15,Z1,residential,218.95,207.65,380.0,0.546,medium,True
5,15,Z2,commercial,1005.34,989.13,600.0,1.649,critical,True
5,15,Z3,corridor,227.07,212.72,460.0,0.462,low,True
5,15,Z4,mixed,271.87,293.04,520.0,0.564,medium,True
5,16,Z1,residential,212.64,215.75,380.0,0.568,medium,True
5,16,Z2,commercial,994.62,939.5,600.0,1.566,critical,True
5,16,Z3,corridor,212.5,217.03,460.0,0.472,low,True
5,16,Z4,mixed,535.89,541.58,520.0,1.042,critical,True
5,17,Z1,residential,216.19,212.49,380.0,0.559,medium,True
5,17,Z2,commercial,207.49,216.12,600.0,0.36,low,True
5,17,Z3,corridor,611.68,614.54,460.0,1.336,critical,True
5,17,Z4,mixed,561.35,590.49,520.0,1.136,critical,True
5,18,Z1,residential,675.29,708.29,380.0,1.864,critical,True
5,18,Z2,commercial,266.64,263.33,600.0,0.439,low,True
5,18,Z3,corridor,624.39,624.06,460.0,1.357,critical,True
5,18,Z4,mixed,545.03,570.78,520.0,1.098,critical,True
5,19,Z1,residential,673.23,686.43,380.0,1.806,critical,True
5,19,Z2,commercial,262.23,246.22,600.0,0.41,low,True
5,19,Z3,corridor,633.84,602.35,460.0,1.309,critical,True
5,19,Z4,mixed,576.0,574.23,520.0,1.104,critical,True
5,20,Z1,residential,697.62,713.89,380.0,1.879,critical,True
5,20,Z2,commercial,271.35,269.75,600.0,0.45,low,True
5,20,Z3,corridor,613.28,641.87,460.0,1.395,critical,True
5,20,Z4,mixed,540.68,558.3,520.0,1.074,critical,True
5,21,Z1,residential,713.15,707.1,380.0,1.861,critical,True
5,21,Z2,commercial,260.56,255.91,600.0,0.427,low,True
5,21,Z3,corridor,611.01,652.61,460.0,1.419,critical,True
5,21,Z4,mixed,564.07,549.02,520.0,1.056,critical,True
5,22,Z1,residential,714.17,713.11,380.0,1.877,critical,True
5,22,Z2,commercial,206.16,208.3,600.0,0.347,low,True
5,22,Z3,corridor,99.53,104.52,460.0,0.227,low,True
5,22,Z4,mixed,251.78,247.59,520.0,0.476,low,True
5,23,Z1,residential,89.13,86.34,380.0,0.227,low,True
5,23,Z2,commercial,198.24,206.42,600.0,0.344,low,True
5,23,Z3,corridor,110.81,114.54,460.0,0.249,low,True
5,23,Z4,mixed,170.67,170.34,520.0,0.328,low,True
6,0,Z1,residential,89.15,84.17,380.0,0.222,low,True
6,0,Z2,commercial,200.28,203.01,600.0,0.338,low,True
6,0,Z3,corridor,112.44,100.74,460.0,0.219,low,True
6,0,Z4,mixed,170.39,159.95,520.0,0.308,low,True
6,1,Z1,residential,102.3,103.88,380.0,0.273,low,True
6,1,Z2,commercial,220.17,222.27,600.0,0.37,low,True
6,1,Z3,corridor,118.88,124.6,460.0,0.271,low,True
6,1,Z4,mixed,176.95,180.0,520.0,0.346,low,True
6,2,Z1,residential,83.63,86.01,380.0,0.226,low,True
6,2,Z2,commercial,216.54,220.16,600.0,0.367,low,True
6,2,Z3,corridor,115.74,113.59,460.0,0.247,low,True
6,2,Z4,mixed,166.91,159.03,520.0,0.306,low,True
6,3,Z1,residential,99.2,102.13,380.0,0.269,low,True
6,3,Z2,commercial,223.52,220.32,600.0,0.367,low,True
6,3,Z3,corridor,123.47,119.79,460.0,0.26,low,True
6,3,Z4,mixed,166.02,167.22,520.0,0.322,low,True
6,4,Z1,residential,98.46,93.33,380.0,0.246,low,True
6,4,Z2,commercial,226.5,224.46,600.0,0.374,low,True
6,4,Z3,corridor,128.35,132.16,460.0,0.287,low,True
6,4,Z4,mixed,168.44,169.84,520.0,0.327,low,True
6,5,Z1,residential,214.74,215.65,380.0,0.568,medium,True
6,5,Z2,commercial,203.89,208.1,600.0,0.347,low,True
6,5,Z3,corridor,113.1,109.8,460.0,0.239,low,True
6,5,Z4,mixed,154.04,164.29,520.0,0.316,low,True
6,6,Z1,residential,221.28,234.43,380.0,0.617,medium,True
6,6,Z2,commercial,224.73,213.67,600.0,0.356,low,True
6,6,Z3,corridor,227.29,217.81,460.0,0.474,low,True
6,6,Z4,mixed,277.95,280.59,520.0,0.54,medium,True
6,7,Z1,residential,213.57,226.37,380.0,0.596,medium,True
6,7,Z2,commercial,496.9,478.9,600.0,0.798,medium,True
6,7,Z3,corridor,652.4,637.4,460.0,1.386,critical,True
6,7,Z4,mixed,372.17,368.76,520.0,0.709,medium,True
6,8,Z1,residential,217.67,217.02,380.0,0.571,medium,True
6,8,Z2,commercial,525.75,484.59,600.0,0.808,high,True
6,8,Z3,corridor,662.05,648.07,460.0,1.409,critical,True
6,8,Z4,mixed,355.47,365.78,520.0,0.703,medium,True
6,9,Z1,residential,198.81,204.53,380.0,0.538,medium,True
6,9,Z2,commercial,508.1,487.0,600.0,0.812,high,True
6,9,Z3,corridor,663.47,650.05,460.0,1.413,critical,True
6,9,Z4,mixed,367.43,352.55,520.0,0.678,medium,True
6,10,Z1,residential,217.24,230.12,380.0,0.606,medium,True
6,10,Z2,commercial,925.72,954.85,600.0,1.591,critical,True
6,10,Z3,corridor,598.2,633.01,460.0,1.376,critical,True
6,10,Z4,mixed,368.72,366.43,520.0,0.705,medium,True
6,11,Z1,residential,214.96,223.06,380.0,0.587,medium,True
6,11,Z2,commercial,971.62,975.02,600.0,1.625,critical,True
6,11,Z3,corridor,219.09,219.38,460.0,0.477,low,True
6,11,Z4,mixed,276.5,290.32,520.0,0.558,medium,True
6,12,Z1,residential,233.46,231.27,380.0,0.609,medium,True
6,12,Z2,commercial,989.61,947.91,600.0,1.58,critical,True
6,12,Z3,corridor,219.28,218.73,460.0,0.475,low,True
6,12,Z4,mixed,259.69,277.62,520.0,0.534,medium,True
6,13,Z1,residential,221.5,233.51,380.0,0.614,medium,True
6,13,Z2,commercial,1029.34,946.8,600.0,1.578,critical,True
6,13,Z3,corridor,232.77,221.53,460.0,0.482,low,True
6,13,Z4,mixed,277.51,277.39,520.0,0.533,medium,True
6,14,Z1,residential,221.27,204.93,380.0,0.539,medium,True
6,14,Z2,commercial,1039.19,1023.56,600.0,1.706,critical,True
6,14,Z3,corridor,216.32,218.77,460.0,0.476,low,True
6,14,Z4,mixed,273.6,272.95,520.0,0.525,medium,True
6,15,Z1,residential,218.37,226.16,380.0,0.595,medium,True
6,15,Z2,commercial,976.55,985.76,600.0,1.643,critical,True
6,15,Z3,corridor,221.58,222.69,460.0,0.484,low,True
6,15,Z4,mixed,278.51,266.25,520.0,0.512,medium,True
6,16,Z1,residential,225.68,224.46,380.0,0.591,medium,True
6,16,Z2,commercial,972.85,978.26,600.0,1.63,critical,True
6,16,Z3,corridor,224.06,205.2,460.0,0.446,low,True
6,16,Z4,mixed,574.33,580.5,520.0,1.116,critical,True
6,17,Z1,residential,227.88,229.43,380.0,0.604,medium,True
6,17,Z2,commercial,225.74,226.44,600.0,0.377,low,True
6,17,Z3,corridor,683.81,655.73,460.0,1.425,critical,True
6,17,Z4,mixed,583.09,582.64,520.0,1.12,critical,True
6,18,Z1,residential,726.01,677.42,380.0,1.783,critical,True
6,18,Z2,commercial,263.51,280.68,600.0,0.468,low,True
6,18,Z3,corridor,623.2,670.8,460.0,1.458,critical,True
6,18,Z4,mixed,586.73,549.4,520.0,1.057,critical,True
6,19,Z1,residential,740.75,745.52,380.0,1.962,critical,True
6,19,Z2,commercial,261.24,272.02,600.0,0.453,low,True
6,19,Z3,corridor,646.37,639.49,460.0,1.39,critical,True
6,19,Z4,mixed,589.32,553.98,520.0,1.065,critical,True
6,20,Z1,residential,721.91,773.78,380.0,2.036,critical,True
6,20,Z2,commercial,264.04,258.64,600.0,0.431,low,True
6,20,Z3,corridor,651.1,638.98,460.0,1.389,critical,True
6,20,Z4,mixed,567.31,577.05,520.0,1.11,critical,True
6,21,Z1,residential,692.18,736.3,380.0,1.938,critical,True
6,21,Z2,commercial,269.65,250.21,600.0,0.417,low,True
6,21,Z3,corridor,664.47,640.28,460.0,1.392,critical,True
6,21,Z4,mixed,572.29,570.35,520.0,1.097,critical,True
6,22,Z1,residential,765.2,749.2,380.0,1.972,critical,True
6,22,Z2,commercial,221.18,225.16,600.0,0.375,low,True
6,22,Z3,corridor,120.66,129.56,460.0,0.282,low,True
6,22,Z4,mixed,297.87,289.49,520.0,0.557,medium,True
6,23,Z1,residential,96.06,89.32,380.0,0.235,low,True
6,23,Z2,commercial,214.82,213.39,600.0,0.356,low,True
6,23,Z3,corridor,113.96,122.33,460.0,0.266,low,True
6,23,Z4,mixed,155.65,167.19,520.0,0.322,low,True
7,0,Z1,residential,84.6,92.93,380.0,0.245,low,False
7,0,Z2,commercial,198.14,204.22,600.0,0.34,low,False
7,0,Z3,corridor,109.53,113.59,460.0,0.247,low,False
7,0,Z4,mixed,157.7,155.52,520.0,0.299,low,False
7,1,Z1,residential,80.46,79.48,380.0,0.209,low,False
7,1,Z2,commercial,176.73,191.37,600.0,0.319,low,False
7,1,Z3,corridor,98.97,97.13,460.0,0.211,low,False
7,1,Z4,mixed,142.94,147.93,520.0,0.284,low,False
7,2,Z1,residential,78.92,85.74,380.0,0.226,low,False
7,2,Z2,commercial,197.7,201.17,600.0,0.335,low,False
7,2,Z3,corridor,104.19,103.64,460.0,0.225,low,False
7,2,Z4,mixed,144.14,146.88,520.0,0.282,low,False
7,3,Z1,residential,87.65,88.29,380.0,0.232,low,False
7,3,Z2,commercial,201.1,193.68,600.0,0.323,low,False
7,3,Z3,corridor,113.82,114.47,460.0,0.249,low,False
7,3,Z4,mixed,164.23,163.0,520.0,0.313,low,False
7,4,Z1,residential,95.04,97.63,380.0,0.257,low,False
7,4,Z2,commercial,199.12,214.14,600.0,0.357,low,False
7,4,Z3,corridor,117.69,114.51,460.0,0.249,low,False
7,4,Z4,mixed,171.14,160.47,520.0,0.309,low,False
7,5,Z1,residential,202.66,195.84,380.0,0.515,medium,False
7,5,Z2,commercial,203.51,204.32,600.0,0.341,low,False
7,5,Z3,corridor,101.52,105.1,460.0,0.228,low,False
7,5,Z4,mixed,158.83,158.68,520.0,0.305,low,False
7,6,Z1,residential,187.41,197.37,380.0,0.519,medium,False
7,6,Z2,commercial,198.56,191.91,600.0,0.32,low,False
7,6,Z3,corridor,216.48,205.71,460.0,0.447,low,False
7,6,Z4,mixed,252.68,261.11,520.0,0.502,medium,False
7,7,Z1,residential,210.71,204.13,380.0,0.537,medium,False
7,7,Z2,commercial,457.31,451.33,600.0,0.752,medium,False
7,7,Z3,corridor,612.31,607.62,460.0,1.321,critical,False
7,7,Z4,mixed,335.5,329.4,520.0,0.633,medium,False
7,8,Z1,residential,193.7,187.06,380.0,0.492,low,False
7,8,Z2,commercial,438.84,445.6,600.0,0.743,medium,False
7,8,Z3,corridor,610.98,621.72,460.0,1.352,critical,False
7,8,Z4,mixed,311.89,308.91,520.0,0.594,medium,False
7,9,Z1,residential,185.23,183.09,380.0,0.482,low,False
7,9,Z2,commercial,437.54,429.65,600.0,0.716,medium,False
7,9,Z3,corridor,581.34,590.43,460.0,1.284,critical,False
7,9,Z4,mixed,328.8,323.08,520.0,0.621,medium,False
7,10,Z1,residential,224.79,210.83,380.0,0.555,medium,False
7,10,Z2,commercial,897.69,968.06,600.0,1.613,critical,False
7,10,Z3,corridor,628.68,618.37,460.0,1.344,critical,False
7,10,Z4,mixed,328.66,332.96,520.0,0.64,medium,False
7,11,Z1,residential,202.46,184.44,380.0,0.485,low,False
7,11,Z2,commercial,909.27,840.34,600.0,1.401,critical,False
7,11,Z3,corridor,198.91,202.35,460.0,0.44,low,False
7,11,Z4,mixed,253.43,253.49,520.0,0.487,low,False
7,12,Z1,residential,195.89,202.24,380.0,0.532,medium,False
7,12,Z2,commercial,917.54,896.8,600.0,1.495,critical,False
7,12,Z3,corridor,193.79,199.23,460.0,0.433,low,False
7,12,Z4,mixed,251.81,246.23,520.0,0.474,low,False
7,13,Z1,residential,205.98,199.44,380.0,0.525,medium,False
7,13,Z2,commercial,895.35,913.41,600.0,1.522,critical,False
7,13,Z3,corridor,200.23,200.81,460.0,0.437,low,False
7,13,Z4,mixed,247.28,258.08,520.0,0.496,low,False
7,14,Z1,residential,196.38,190.93,380.0,0.502,medium,False
7,14,Z2,commercial,923.29,928.56,600.0,1.548,critical,False
7,14,Z3,corridor,212.31,199.25,460.0,0.433,low,False
7,14,Z4,mixed,256.99,264.48,520.0,0.509,medium,False
7,15,Z1,residential,191.18,204.28,380.0,0.538,medium,False
7,15,Z2,commercial,897.72,917.18,600.0,1.529,critical,False
7,15,Z3,corridor,192.05,203.07,460.0,0.441,low,False
7,15,Z4,mixed,250.8,238.01,520.0,0.458,low,False
7,16,Z1,residential,197.54,203.35,380.0,0.535,medium,False
7,16,Z2,commercial,861.3,899.19,600.0,1.499,critical,False
7,16,Z3,corridor,200.25,192.64,460.0,0.419,low,False
7,16,Z4,mixed,515.27,515.65,520.0,0.992,high,False
7,17,Z1,residential,201.84,204.44,380.0,0.538,medium,False
7,17,Z2,commercial,198.52,214.37,600.0,0.357,low,False
7,17,Z3,corridor,584.27,609.56,460.0,1.325,critical,False
7,17,Z4,mixed,533.64,524.48,520.0,1.009,critical,False
7,18,Z1,residential,658.19,706.68,380.0,1.86,critical,False
7,18,Z2,commercial,238.43,263.1,600.0,0.439,low,False
7,18,Z3,corridor,602.76,669.06,460.0,1.454,critical,False
7,18,Z4,mixed,539.83,576.93,520.0,1.109,critical,False
7,19,Z1,residential,666.6,709.44,380.0,1.867,critical,False
7,19,Z2,commercial,241.35,233.43,600.0,0.389,low,False
7,19,Z3,corridor,586.53,600.33,460.0,1.305,critical,False
7,19,Z4,mixed,523.13,547.47,520.0,1.053,critical,False
7,20,Z1,residential,685.25,691.33,380.0,1.819,critical,False
7,20,Z2,commercial,243.0,244.95,600.0,0.408,low,False
7,20,Z3,corridor,592.16,579.67,460.0,1.26,critical,False
7,20,Z4,mixed,515.04,509.75,520.0,0.98,high,False
7,21,Z1,residential,727.36,683.88,380.0,1.8,critical,False
7,21,Z2,commercial,263.01,246.63,600.0,0.411,low,False
7,21,Z3,corridor,641.88,596.16,460.0,1.296,critical,False
7,21,Z4,mixed,551.64,544.03,520.0,1.046,critical,False
7,22,Z1,residential,658.06,672.44,380.0,1.77,critical,False
7,22,Z2,commercial,205.26,199.71,600.0,0.333,low,False
7,22,Z3,corridor,118.87,115.64,460.0,0.251,low,False
7,22,Z4,mixed,267.39,269.13,520.0,0.518,medium,False
7,23,Z1,residential,92.99,93.71,380.0,0.247,low,False
7,23,Z2,commercial,198.47,211.79,600.0,0.353,low,False
7,23,Z3,corridor,104.91,116.2,460.0,0.253,low,False
7,23,Z4,mixed,156.44,164.74,520.0,0.317,low,False
8,0,Z1,residential,87.55,88.16,380.0,0.232,low,False
8,0,Z2,commercial,195.6,199.62,600.0,0.333,low,False
8,0,Z3,corridor,110.18,117.88,460.0,0.256,low,False
8,0,Z4,mixed,152.6,158.07,520.0,0.304,low,False
8,1,Z1,residential,93.21,92.21,380.0,0.243,low,False
8,1,Z2,commercial,218.22,208.79,600.0,0.348,low,False
8,1,Z3,corridor,122.0,123.96,460.0,0.269,low,False
8,1,Z4,mixed,156.1,166.35,520.0,0.32,low,False
8,2,Z1,residential,83.56,81.7,380.0,0.215,low,False
8,2,Z2,commercial,202.0,198.2,600.0,0.33,low,False
8,2,Z3,corridor,105.66,103.27,460.0,0.225,low,False
8,2,Z4,mixed,149.32,149.42,520.0,0.287,low,False
8,3,Z1,residential,82.71,79.69,380.0,0.21,low,False
8,3,Z2,commercial,201.54,197.51,600.0,0.329,low,False
8,3,Z3,corridor,106.28,103.84,460.0,0.226,low,False
8,3,Z4,mixed,159.32,149.49,520.0,0.287,low,False
8,4,Z1,residential,88.44,95.9,380.0,0.252,low,False
8,4,Z2,commercial,194.89,210.48,600.0,0.351,low,False
8,4,Z3,corridor,114.88,118.08,460.0,0.257,low,False
8,4,Z4,mixed,167.91,159.83,520.0,0.307,low,False
8,5,Z1,residential,222.21,221.35,380.0,0.583,medium,False
8,5,Z2,commercial,213.45,207.02,600.0,0.345,low,False
8,5,Z3,corridor,118.87,127.32,460.0,0.277,low,False
8,5,Z4,mixed,165.06,166.83,520.0,0.321,low,False
8,6,Z1,residential,205.36,203.39,380.0,0.535,medium,False
8,6,Z2,commercial,213.15,203.96,600.0,0.34,low,False
8,6,Z3,corridor,219.3,225.2,460.0,0.49,low,False
8,6,Z4,mixed,263.28,274.64,520.0,0.528,medium,False
8,7,Z1,residential,206.72,202.47,380.0,0.533,medium,False
8,7,Z2,commercial,464.14,444.59,600.0,0.741,medium,False
8,7,Z3,corridor,624.59,638.65,460.0,1.388,critical,False
8,7,Z4,mixed,338.0,347.13,520.0,0.668,medium,False
8,8,Z1,residential,193.07,203.61,380.0,0.536,medium,False
8,8,Z2,commercial,449.06,466.86,600.0,0.778,medium,False
8,8,Z3,corridor,659.8,609.52,460.0,1.325,critical,False
8,8,Z4,mixed,350.15,360.06,520.0,0.692,medium,False
8,9,Z1,residential,196.5,188.22,380.0,0.495,low,False
8,9,Z2,commercial,462.97,418.36,600.0,0.697,medium,False
8,9,Z3,corridor,593.77,595.37,460.0,1.294,critical,False
8,9,Z4,mixed,338.75,328.42,520.0,0.632,medium,False
8,10,Z1,residential,226.8,209.26,380.0,0.551,medium,False
8,10,Z2,commercial,945.32,934.81,600.0,1.558,critical,False
8,10,Z3,corridor,608.02,613.08,460.0,1.333,critical,False
8,10,Z4,mixed,349.67,353.12,520.0,0.679,medium,False
8,11,Z1,residential,210.29,218.32,380.0,0.575,medium,False
8,11,Z2,commercial,936.33,940.07,600.0,1.567,critical,False
8,11,Z3,corridor,209.5,219.49,460.0,0.477,low,False
8,11,Z4,mixed,264.98,269.81,520.0,0.519,medium,False
8,12,Z1,residential,221.02,208.19,380.0,0.548,medium,False
8,12,Z2,commercial,922.61,929.15,600.0,1.549,critical,False
8,12,Z3,corridor,204.87,212.08,460.0,0.461,low,False
8,12,Z4,mixed,263.68,250.12,520.0,0.481,low,False
8,13,Z1,residential,213.33,229.99,380.0,0.605,medium,False
8,13,Z2,commercial,920.08,911.63,600.0,1.519,critical,False
8,13,Z3,corridor,216.85,222.17,460.0,0.483,low,False
8,13,Z4,mixed,284.13,280.74,520.0,0.54,medium,False
8,14,Z1,residential,215.6,216.41,380.0,0.57,medium,False
8,14,Z2,commercial,944.54,943.48,600.0,1.572,critical,False
8,14,Z3,corridor,226.19,226.77,460.0,0.493,low,False
8,14,Z4,mixed,274.06,257.9,520.0,0.496,low,False
8,15,Z1,residential,208.77,213.51,380.0,0.562,medium,False
8,15,Z2,commercial,942.88,932.58,600.0,1.554,critical,False
8,15,Z3,corridor,222.47,215.27,460.0,0.468,low,False
8,15,Z4,mixed,273.99,260.03,520.0,0.5,medium,False
8,16,Z1,residential,213.68,216.2,380.0,0.569,medium,False
8,16,Z2,commercial,1015.25,957.75,600.0,1.596,critical,False
8,16,Z3,corridor,219.38,213.22,460.0,0.464,low,False
8,16,Z4,mixed,546.16,560.21,520.0,1.077,critical,False
8,17,Z1,residential,206.61,204.43,380.0,0.538,medium,False
8,17,Z2,commercial,199.53,213.48,600.0,0.356,low,False
8,17,Z3,corridor,627.6,637.14,460.0,1.385,critical,False
8,17,Z4,mixed,558.3,571.53,520.0,1.099,critical,False
8,18,Z1,residential,693.25,710.91,380.0,1.871,critical,False
8,18,Z2,commercial,244.01,238.9,600.0,0.398,low,False
8,18,Z3,corridor,625.31,636.32,460.0,1.383,critical,False
8,18,Z4,mixed,535.65,505.41,520.0,0.972,high,False
8,19,Z1,residential,703.94,686.42,380.0,1.806,critical,False
8,19,Z2,commercial,256.24,257.99,600.0,0.43,low,False
8,19,Z3,corridor,633.33,653.72,460.0,1.421,critical,False
8,19,Z4,mixed,531.21,544.17,520.0,1.046,critical,False
8,20,Z1,residential,717.7,708.6,380.0,1.865,critical,False
8,20,Z2,commercial,272.37,267.12,600.0,0.445,low,False
8,20,Z3,corridor,636.39,625.45,460.0,1.36,critical,False
8,20,Z4,mixed,552.99,570.86,520.0,1.098,critical,False
8,21,Z1,residential,748.45,728.41,380.0,1.917,critical,False
8,21,Z2,commercial,256.38,276.82,600.0,0.461,low,False
8,21,Z3,corridor,645.53,629.95,460.0,1.369,critical,False
8,21,Z4,mixed,545.31,545.07,520.0,1.048,critical,False
8,22,Z1,residential,694.15,726.59,380.0,1.912,critical,False
8,22,Z2,commercial,203.13,217.02,600.0,0.362,low,False
8,22,Z3,corridor,113.16,118.87,460.0,0.258,low,False
8,22,Z4,mixed,278.87,289.93,520.0,0.558,medium,False
8,23,Z1,residential,97.42,94.61,380.0,0.249,low,False
8,23,Z2,commercial,221.97,214.57,600.0,0.358,low,False
8,23,Z3,corridor,122.54,121.43,460.0,0.264,low,False
8,23,Z4,mixed,172.11,167.29,520.0,0.322,low,False
9,0,Z1,residential,87.07,81.96,380.0,0.216,low,False
9,0,Z2,commercial,204.54,206.71,600.0,0.345,low,False
9,0,Z3,corridor,113.44,114.3,460.0,0.248,low,False
9,0,Z4,mixed,156.36,163.17,520.0,0.314,low,False
9,1,Z1,residential,91.93,94.96,380.0,0.25,low,False
9,1,Z2,commercial,204.89,214.04,600.0,0.357,low,False
9,1,Z3,corridor,115.85,113.9,460.0,0.248,low,False
9,1,Z4,mixed,163.18,167.6,520.0,0.322,low,False
9,2,Z1,residential,101.98,106.33,380.0,0.28,low,False
9,2,Z2,commercial,226.03,220.26,600.0,0.367,low,False
9,2,Z3,corridor,125.73,129.66,460.0,0.282,low,False
9,2,Z4,mixed,182.69,170.31,520.0,0.328,low,False
9,3,Z1,residential,96.46,104.79,380.0,0.276,low,False
9,3,Z2,commercial,223.15,215.29,600.0,0.359,low,False
9,3,Z3,corridor,122.63,129.01,460.0,0.28,low,False
9,3,Z4,mixed,171.31,180.59,520.0,0.347,low,False
9,4,Z1,residential,92.83,91.23,380.0,0.24,low,False
9,4,Z2,commercial,215.46,216.77,600.0,0.361,low,False
9,4,Z3,corridor,114.23,117.56,460.0,0.256,low,False
9,4,Z4,mixed,167.42,160.66,520.0,0.309,low,False
9,5,Z1,residential,218.69,214.2,380.0,0.564,medium,False
9,5,Z2,commercial,210.01,211.87,600.0,0.353,low,False
9,5,Z3,corridor,127.52,121.6,460.0,0.264,low,False
9,5,Z4,mixed,166.6,173.17,520.0,0.333,low,False
9,6,Z1,residential,220.5,207.32,380.0,0.546,medium,False
9,6,Z2,commercial,222.33,206.71,600.0,0.345,low,False
9,6,Z3,corridor,227.32,238.7,460.0,0.519,medium,False
9,6,Z4,mixed,284.43,268.18,520.0,0.516,medium,False
9,7,Z1,residential,201.98,213.75,380.0,0.562,medium,False
9,7,Z2,commercial,481.83,479.92,600.0,0.8,medium,False
9,7,Z3,corridor,625.13,629.28,460.0,1.368,critical,False
9,7,Z4,mixed,350.48,329.26,520.0,0.633,medium,False
9,8,Z1,residential,216.46,224.36,380.0,0.59,medium,False
9,8,Z2,commercial,506.14,481.9,600.0,0.803,high,False
9,8,Z3,corridor,682.59,673.77,460.0,1.465,critical,False
9,8,Z4,mixed,376.63,351.06,520.0,0.675,medium,False
9,9,Z1,residential,215.41,212.53,380.0,0.559,medium,False
9,9,Z2,commercial,464.13,474.77,600.0,0.791,medium,False
9,9,Z3,corridor,650.63,650.59,460.0,1.414,critical,False
9,9,Z4,mixed,368.34,364.87,520.0,0.702,medium,False
9,10,Z1,residential,230.4,210.54,380.0,0.554,medium,False
9,10,Z2,commercial,956.29,1003.9,600.0,1.673,critical,False
9,10,Z3,corridor,647.7,669.54,460.0,1.456,critical,False
9,10,Z4,mixed,346.5,357.45,520.0,0.687,medium,False
9,11,Z1,residential,232.21,230.78,380.0,0.607,medium,False
9,11,Z2,commercial,960.41,1005.39,600.0,1.676,critical,False
9,11,Z3,corridor,221.65,233.63,460.0,0.508,medium,False
9,11,Z4,mixed,288.17,280.59,520.0,0.54,medium,False
9,12,Z1,residential,218.14,220.01,380.0,0.579,medium,False
9,12,Z2,commercial,971.78,994.21,600.0,1.657,critical,False
9,12,Z3,corridor,222.84,221.89,460.0,0.482,low,False
9,12,Z4,mixed,269.28,272.61,520.0,0.524,medium,False
9,13,Z1,residential,229.64,229.79,380.0,0.605,medium,False
9,13,Z2,commercial,1009.03,986.22,600.0,1.644,critical,False
9,13,Z3,corridor,236.1,224.48,460.0,0.488,low,False
9,13,Z4,mixed,278.92,277.39,520.0,0.533,medium,False
9,14,Z1,residential,226.09,235.04,380.0,0.619,medium,False
9,14,Z2,commercial,958.76,1038.49,600.0,1.731,critical,False
9,14,Z3,corridor,214.41,223.73,460.0,0.486,low,False
9,14,Z4,mixed,280.82,273.13,520.0,0.525,medium,False
9,15,Z1,residential,215.18,229.66,380.0,0.604,medium,False
9,15,Z2,commercial,936.51,985.95,600.0,1.643,critical,False
9,15,Z3,corridor,225.58,215.41,460.0,0.468,low,False
9,15,Z4,mixed,287.13,299.37,520.0,0.576,medium,False
9,16,Z1,residential,223.49,235.06,380.0,0.619,medium,False
9,16,Z2,commercial,926.91,1009.61,600.0,1.683,critical,False
9,16,Z3,corridor,229.71,223.6,460.0,0.486,low,False
9,16,Z4,mixed,604.07,605.01,520.0,1.163,critical,False
9,17,Z1,residential,249.54,235.84,380.0,0.621,medium,False
9,17,Z2,commercial,222.18,221.13,600.0,0.369,low,False
9,17,Z3,corridor,651.18,674.01,460.0,1.465,critical,False
9,17,Z4,mixed,572.37,588.28,520.0,1.131,critical,False
9,18,Z1,residential,744.48,769.31,380.0,2.024,critical,False
9,18,Z2,commercial,265.18,269.94,600.0,0.45,low,False
9,18,Z3,corridor,651.72,635.85,460.0,1.382,critical,False
9,18,Z4,mixed,561.52,590.24,520.0,1.135,critical,False
9,19,Z1,residential,760.32,749.59,380.0,1.973,critical,False
9,19,Z2,commercial,265.51,268.92,600.0,0.448,low,False
9,19,Z3,corridor,686.36,650.83,460.0,1.415,critical,False
9,19,Z4,mixed,573.96,584.97,520.0,1.125,critical,False
9,20,Z1,residential,771.04,746.71,380.0,1.965,critical,False
9,20,Z2,commercial,273.28,274.93,600.0,0.458,low,False
9,20,Z3,corridor,670.03,673.32,460.0,1.464,critical,False
9,20,Z4,mixed,570.65,567.56,520.0,1.091,critical,False
9,21,Z1,residential,770.81,769.03,380.0,2.024,critical,False
9,21,Z2,commercial,272.24,279.3,600.0,0.466,low,False
9,21,Z3,corridor,679.37,653.17,460.0,1.42,critical,False
9,21,Z4,mixed,595.55,597.25,520.0,1.149,critical,False
9,22,Z1,residential,718.27,815.8,380.0,2.147,critical,False
9,22,Z2,commercial,213.72,210.47,600.0,0.351,low,False
9,22,Z3,corridor,117.04,115.09,460.0,0.25,low,False
9,22,Z4,mixed,270.89,282.96,520.0,0.544,medium,False
9,23,Z1,residential,86.47,87.84,380.0,0.231,low,False
9,23,Z2,commercial,204.75,204.67,600.0,0.341,low,False
9,23,Z3,corridor,117.91,116.95,460.0,0.254,low,False
9,23,Z4,mixed,162.7,161.79,520.0,0.311,low,False
10,0,Z1,residential,96.96,93.22,380.0,0.245,low,False
10,0,Z2,commercial,213.05,211.89,600.0,0.353,low,False
10,0,Z3,corridor,122.28,130.82,460.0,0.284,low,False
10,0,Z4,mixed,174.46,166.44,520.0,0.32,low,False
10,1,Z1,residential,89.64,93.52,380.0,0.246,low,False
10,1,Z2,commercial,212.87,203.04,600.0,0.338,low,False
10,1,Z3,corridor,115.15,116.29,460.0,0.253,low,False
10,1,Z4,mixed,172.92,158.42,520.0,0.305,low,False
10,2,Z1,residential,97.54,98.5,380.0,0.259,low,False
10,2,Z2,commercial,221.9,231.44,600.0,0.386,low,False
10,2,Z3,corridor,127.23,123.04,460.0,0.267,low,False
10,2,Z4,mixed,175.87,168.84,520.0,0.325,low,False
10,3,Z1,residential,104.91,103.32,380.0,0.272,low,False
10,3,Z2,commercial,220.44,225.54,600.0,0.376,low,False
10,3,Z3,corridor,127.3,131.04,460.0,0.285,low,False
10,3,Z4,mixed,189.79,176.17,520.0,0.339,low,False
10,4,Z1,residential,97.46,93.32,380.0,0.246,low,False
10,4,Z2,commercial,224.68,215.41,600.0,0.359,low,False
10,4,Z3,corridor,122.62,122.76,460.0,0.267,low,False
10,4,Z4,mixed,169.38,167.99,520.0,0.323,low,False
10,5,Z1,residential,232.68,234.13,380.0,0.616,medium,False
10,5,Z2,commercial,228.03,219.48,600.0,0.366,low,False
10,5,Z3,corridor,127.7,124.45,460.0,0.271,low,False
10,5,Z4,mixed,183.81,183.41,520.0,0.353,low,False
10,6,Z1,residential,229.68,216.77,380.0,0.57,medium,False
10,6,Z2,commercial,209.18,212.69,600.0,0.354,low,False
10,6,Z3,corridor,228.29,231.62,460.0,0.504,medium,False
10,6,Z4,mixed,280.03,285.38,520.0,0.549,medium,False
10,7,Z1,residential,211.19,212.29,380.0,0.559,medium,False
10,7,Z2,commercial,496.12,497.29,600.0,0.829,high,False
10,7,Z3,corridor,685.46,670.14,460.0,1.457,critical,False
10,7,Z4,mixed,346.39,366.64,520.0,0.705,medium,False
10,8,Z1,residential,242.35,234.62,380.0,0.617,medium,False
10,8,Z2,commercial,494.89,499.88,600.0,0.833,high,False
10,8,Z3,corridor,720.21,736.58,460.0,1.601,critical,False
10,8,Z4,mixed,374.28,383.96,520.0,0.738,medium,False
10,9,Z1,residential,231.37,223.95,380.0,0.589,medium,False
10,9,Z2,commercial,518.02,472.65,600.0,0.788,medium,False
10,9,Z3,corridor,691.19,702.72,460.0,1.528,critical,False
10,9,Z4,mixed,365.71,391.5,520.0,0.753,medium,False
10,10,Z1,residential,238.29,244.91,380.0,0.644,medium,False
10,10,Z2,commercial,966.86,1022.4,600.0,1.704,critical,False
10,10,Z3,corridor,685.93,699.62,460.0,1.521,critical,False
10,10,Z4,mixed,376.73,374.14,520.0,0.72,medium,False
10,11,Z1,residential,238.5,235.21,380.0,0.619,medium,False
10,11,Z2,commercial,979.11,1006.66,600.0,1.678,critical,False
10,11,Z3,corridor,237.29,227.69,460.0,0.495,low,False
10,11,Z4,mixed,294.54,307.19,520.0,0.591,medium,False
10,12,Z1,residential,241.36,250.79,380.0,0.66,medium,False
10,12,Z2,commercial,923.01,1012.03,600.0,1.687,critical,False
10,12,Z3,corridor,234.28,236.67,460.0,0.514,medium,False
10,12,Z4,mixed,312.6,302.73,520.0,0.582,medium,False
10,13,Z1,residential,250.15,245.25,380.0,0.645,medium,False
10,13,Z2,commercial,1030.42,977.84,600.0,1.63,critical,False
10,13,Z3,corridor,250.14,236.19,460.0,0.513,medium,False
10,13,Z4,mixed,289.32,315.51,520.0,0.607,medium,False
10,14,Z1,residential,228.85,230.67,380.0,0.607,medium,False
10,14,Z2,commercial,1009.57,1000.36,600.0,1.667,critical,False
10,14,Z3,corridor,219.57,218.23,460.0,0.474,low,False
10,14,Z4,mixed,295.88,280.34,520.0,0.539,medium,False
10,15,Z1,residential,219.34,221.9,380.0,0.584,medium,False
10,15,Z2,commercial,982.82,1030.91,600.0,1.718,critical,False
10,15,Z3,corridor,229.85,230.49,460.0,0.501,medium,False
10,15,Z4,mixed,265.65,272.89,520.0,0.525,medium,False
10,16,Z1,residential,221.88,231.71,380.0,0.61,medium,False
10,16,Z2,commercial,985.78,980.91,600.0,1.635,critical,False
10,16,Z3,corridor,229.37,237.14,460.0,0.516,medium,False
10,16,Z4,mixed,610.4,589.36,520.0,1.133,critical,False
10,17,Z1,residential,239.06,237.54,380.0,0.625,medium,False
10,17,Z2,commercial,204.44,214.96,600.0,0.358,low,False
10,17,Z3,corridor,692.35,689.72,460.0,1.499,critical,False
10,17,Z4,mixed,564.7,587.51,520.0,1.13,critical,False
10,18,Z1,residential,796.25,788.77,380.0,2.076,critical,False
10,18,Z2,commercial,293.16,280.96,600.0,0.468,low,False
10,18,Z3,corridor,662.94,686.9,460.0,1.493,critical,False
10,18,Z4,mixed,580.05,571.76,520.0,1.1,critical,False
10,19,Z1,residential,772.84,793.32,380.0,2.088,critical,False
10,19,Z2,commercial,289.49,292.56,600.0,0.488,low,False
10,19,Z3,corridor,698.18,667.18,460.0,1.45,critical,False
10,19,Z4,mixed,616.33,593.27,520.0,1.141,critical,False
10,20,Z1,residential,772.24,819.89,380.0,2.158,critical,False
10,20,Z2,commercial,279.52,283.79,600.0,0.473,low,False
10,20,Z3,corridor,690.77,715.84,460.0,1.556,critical,False
10,20,Z4,mixed,602.3,609.76,520.0,1.173,critical,False
10,21,Z1,residential,810.69,783.33,380.0,2.061,critical,False
10,21,Z2,commercial,311.42,284.73,600.0,0.475,low,False
10,21,Z3,corridor,659.79,693.95,460.0,1.509,critical,False
10,21,Z4,mixed,584.45,585.62,520.0,1.126,critical,False
10,22,Z1,residential,785.43,767.76,380.0,2.02,critical,False
10,22,Z2,commercial,212.11,204.73,600.0,0.341,low,False
10,22,Z3,corridor,125.45,119.78,460.0,0.26,low,False
10,22,Z4,mixed,291.39,293.17,520.0,0.564,medium,False
10,23,Z1,residential,95.56,97.55,380.0,0.257,low,False
10,23,Z2,commercial,211.66,212.24,600.0,0.354,low,False
10,23,Z3,corridor,119.76,115.54,460.0,0.251,low,False
10,23,Z4,mixed,175.09,166.3,520.0,0.32,low,False
11,0,Z1,residential,107.03,102.94,380.0,0.271,low,False
11,0,Z2,commercial,237.01,224.79,600.0,0.375,low,False
11,0,Z3,corridor,132.98,133.23,460.0,0.29,low,False
11,0,Z4,mixed,187.09,178.64,520.0,0.344,low,False
11,1,Z1,residential,94.51,97.02,380.0,0.255,low,False
11,1,Z2,commercial,227.81,222.62,600.0,0.371,low,False
11,1,Z3,corridor,124.83,122.12,460.0,0.265,low,False
11,1,Z4,mixed,176.34,174.74,520.0,0.336,low,False
11,2,Z1,residential,112.44,109.54,380.0,0.288,low,False
11,2,Z2,commercial,242.71,246.34,600.0,0.411,low,False
11,2,Z3,corridor,134.79,140.05,460.0,0.304,low,False
11,2,Z4,mixed,191.1,189.66,520.0,0.365,low,False
11,3,Z1,residential,104.36,103.86,380.0,0.273,low,False
11,3,Z2,commercial,226.76,219.25,600.0,0.365,low,False
11,3,Z3,corridor,130.21,137.93,460.0,0.3,low,False
11,3,Z4,mixed,173.7,175.95,520.0,0.338,low,False
11,4,Z1,residential,95.82,98.65,380.0,0.26,low,False
11,4,Z2,commercial,227.42,229.6,600.0,0.383,low,False
11,4,Z3,corridor,126.58,124.14,460.0,0.27,low,False
11,4,Z4,mixed,169.85,168.06,520.0,0.323,low,False
11,5,Z1,residential,249.56,239.66,380.0,0.631,medium,False
11,5,Z2,commercial,216.49,218.03,600.0,0.363,low,False
11,5,Z3,corridor,127.84,129.95,460.0,0.282,low,False
11,5,Z4,mixed,182.19,172.75,520.0,0.332,low,False
11,6,Z1,residential,221.49,225.78,380.0,0.594,medium,False
11,6,Z2,commercial,238.93,223.98,600.0,0.373,low,False
11,6,Z3,corridor,242.41,227.16,460.0,0.494,low,False
11,6,Z4,mixed,284.09,301.15,520.0,0.579,medium,False
11,7,Z1,residential,230.79,221.0,380.0,0.582,medium,False
11,7,Z2,commercial,517.92,532.85,600.0,0.888,high,False
11,7,Z3,corridor,694.73,691.58,460.0,1.503,critical,False
11,7,Z4,mixed,385.62,401.23,520.0,0.772,medium,False
11,8,Z1,residential,242.84,251.8,380.0,0.663,medium,False
11,8,Z2,commercial,536.3,508.83,600.0,0.848,high,False
11,8,Z3,corridor,717.85,717.72,460.0,1.56,critical,False
11,8,Z4,mixed,400.52,395.22,520.0,0.76,medium,False
11,9,Z1,residential,229.54,232.71,380.0,0.612,medium,False
11,9,Z2,commercial,518.56,527.38,600.0,0.879,high,False
11,9,Z3,corridor,713.75,724.73,460.0,1.576,critical,False
11,9,Z4,mixed,401.49,387.87,520.0,0.746,medium,False
11,10,Z1,residential,247.06,232.0,380.0,0.611,medium,False
11,10,Z2,commercial,1071.42,1034.42,600.0,1.724,critical,False
11,10,Z3,corridor,691.91,751.91,460.0,1.635,critical,False
11,10,Z4,mixed,401.29,381.39,520.0,0.733,medium,False
11,11,Z1,residential,246.08,244.0,380.0,0.642,medium,False
11,11,Z2,commercial,1059.6,1036.39,600.0,1.727,critical,False
11,11,Z3,corridor,238.49,240.44,460.0,0.523,medium,False
11,11,Z4,mixed,317.66,319.66,520.0,0.615,medium,False
11,12,Z1,residential,243.73,257.53,380.0,0.678,medium,False
11,12,Z2,commercial,1026.8,1020.0,600.0,1.7,critical,False
11,12,Z3,corridor,241.12,259.66,460.0,0.564,medium,False
11,12,Z4,mixed,302.95,322.22,520.0,0.62,medium,False
11,13,Z1,residential,248.82,244.41,380.0,0.643,medium,False
11,13,Z2,commercial,1048.71,1021.8,600.0,1.703,critical,False
11,13,Z3,corridor,258.97,247.12,460.0,0.537,medium,False
11,13,Z4,mixed,311.45,305.43,520.0,0.587,medium,False
11,14,Z1,residential,251.53,236.9,380.0,0.623,medium,False
11,14,Z2,commercial,1059.73,1088.6,600.0,1.814,critical,False
11,14,Z3,corridor,235.83,238.42,460.0,0.518,medium,False
11,14,Z4,mixed,289.07,289.93,520.0,0.558,medium,False
11,15,Z1,residential,250.68,255.25,380.0,0.672,medium,False
11,15,Z2,commercial,1093.37,1065.41,600.0,1.776,critical,False
11,15,Z3,corridor,247.13,231.32,460.0,0.503,medium,False
11,15,Z4,mixed,308.34,305.7,520.0,0.588,medium,False
11,16,Z1,residential,234.64,236.29,380.0,0.622,medium,False
11,16,Z2,commercial,1037.04,1065.77,600.0,1.776,critical,False
11,16,Z3,corridor,238.76,228.46,460.0,0.497,low,False
11,16,Z4,mixed,639.69,625.02,520.0,1.202,critical,False
11,17,Z1,residential,245.24,251.31,380.0,0.661,medium,False
11,17,Z2,commercial,221.0,222.64,600.0,0.371,low,False
11,17,Z3,corridor,705.09,730.44,460.0,1.588,critical,False
11,17,Z4,mixed,611.45,640.52,520.0,1.232,critical,False
11,18,Z1,residential,849.45,825.41,380.0,2.172,critical,False
11,18,Z2,commercial,283.7,289.6,600.0,0.483,low,False
11,18,Z3,corridor,699.64,730.67,460.0,1.588,critical,False
11,18,Z4,mixed,615.23,605.52,520.0,1.164,critical,False
11,19,Z1,residential,797.49,808.69,380.0,2.128,critical,False
11,19,Z2,commercial,281.41,269.11,600.0,0.449,low,False
11,19,Z3,corridor,730.53,668.3,460.0,1.453,critical,False
11,19,Z4,mixed,632.89,629.07,520.0,1.21,critical,False
11,20,Z1,residential,825.41,809.12,380.0,2.129,critical,False
11,20,Z2,commercial,278.67,291.07,600.0,0.485,low,False
11,20,Z3,corridor,699.4,698.7,460.0,1.519,critical,False
11,20,Z4,mixed,629.55,605.46,520.0,1.164,critical,False
11,21,Z1,residential,850.96,852.96,380.0,2.245,critical,False
11,21,Z2,commercial,293.92,285.41,600.0,0.476,low,False
11,21,Z3,corridor,738.8,738.42,460.0,1.605,critical,False
11,21,Z4,mixed,627.4,632.92,520.0,1.217,critical,False
11,22,Z1,residential,814.26,852.13,380.0,2.242,critical,False
11,22,Z2,commercial,232.92,238.96,600.0,0.398,low,False
11,22,Z3,corridor,138.22,135.15,460.0,0.294,low,False
11,22,Z4,mixed,305.36,307.06,520.0,0.591,medium,False
11,23,Z1,residential,105.59,109.44,380.0,0.288,low,False
11,23,Z2,commercial,222.43,228.32,600.0,0.381,low,False
11,23,Z3,corridor,135.63,130.39,460.0,0.283,low,False
11,23,Z4,mixed,190.52,181.39,520.0,0.349,low,False
12,0,Z1,residential,143.33,124.42,380.0,0.327,low,True
12,0,Z2,commercial,278.12,283.1,600.0,0.472,low,True
12,0,Z3,corridor,166.74,162.73,460.0,0.354,low,True
12,0,Z4,mixed,221.91,216.34,520.0,0.416,low,True
12,1,Z1,residential,115.12,115.9,380.0,0.305,low,True
12,1,Z2,commercial,265.5,251.78,600.0,0.42,low,True
12,1,Z3,corridor,159.57,150.96,460.0,0.328,low,True
12,1,Z4,mixed,208.39,210.77,520.0,0.405,low,True
12,2,Z1,residential,135.48,129.9,380.0,0.342,low,True
12,2,Z2,commercial,271.64,267.51,600.0,0.446,low,True
12,2,Z3,corridor,163.83,156.07,460.0,0.339,low,True
12,2,Z4,mixed,226.43,206.6,520.0,0.397,low,True
12,3,Z1,residential,133.26,125.52,380.0,0.33,low,True
12,3,Z2,commercial,280.45,268.06,600.0,0.447,low,True
12,3,Z3,corridor,165.77,160.02,460.0,0.348,low,True
12,3,Z4,mixed,229.88,235.85,520.0,0.454,low,True
12,4,Z1,residential,114.32,122.17,380.0,0.322,low,True
12,4,Z2,commercial,255.89,262.99,600.0,0.438,low,True
12,4,Z3,corridor,146.64,153.72,460.0,0.334,low,True
12,4,Z4,mixed,209.88,219.19,520.0,0.422,low,True
12,5,Z1,residential,284.08,291.65,380.0,0.767,medium,True
12,5,Z2,commercial,264.33,264.27,600.0,0.44,low,True
12,5,Z3,corridor,141.63,149.57,460.0,0.325,low,True
12,5,Z4,mixed,216.21,203.55,520.0,0.391,low,True
12,6,Z1,residential,285.02,272.77,380.0,0.718,medium,True
12,6,Z2,commercial,282.11,262.27,600.0,0.437,low,True
12,6,Z3,corridor,302.86,276.64,460.0,0.601,medium,True
12,6,Z4,mixed,336.67,379.65,520.0,0.73,medium,True
12,7,Z1,residential,261.57,271.54,380.0,0.715,medium,True
12,7,Z2,commercial,579.17,617.29,600.0,1.029,critical,True
12,7,Z3,corridor,839.26,840.62,460.0,1.827,critical,True
12,7,Z4,mixed,466.03,463.89,520.0,0.892,high,True
12,8,Z1,residential,285.4,278.02,380.0,0.732,medium,True
12,8,Z2,commercial,607.52,605.58,600.0,1.009,critical,True
12,8,Z3,corridor,805.13,839.43,460.0,1.825,critical,True
12,8,Z4,mixed,464.66,443.31,520.0,0.853,high,True
12,9,Z1,residential,272.61,268.25,380.0,0.706,medium,True
12,9,Z2,commercial,608.06,587.42,600.0,0.979,high,True
12,9,Z3,corridor,805.57,853.64,460.0,1.856,critical,True
12,9,Z4,mixed,463.31,451.86,520.0,0.869,high,True
12,10,Z1,residential,290.31,282.13,380.0,0.742,medium,True
12,10,Z2,commercial,1318.49,1225.4,600.0,2.042,critical,True
12,10,Z3,corridor,843.81,863.7,460.0,1.878,critical,True
12,10,Z4,mixed,449.74,462.13,520.0,0.889,high,True
12,11,Z1,residential,288.46,312.43,380.0,0.822,high,True
12,11,Z2,commercial,1236.07,1213.08,600.0,2.022,critical,True
12,11,Z3,corridor,302.38,293.61,460.0,0.638,medium,True
12,11,Z4,mixed,353.05,353.51,520.0,0.68,medium,True
12,12,Z1,residential,287.71,278.61,380.0,0.733,medium,True
12,12,Z2,commercial,1237.78,1195.04,600.0,1.992,critical,True
12,12,Z3,corridor,282.36,281.54,460.0,0.612,medium,True
12,12,Z4,mixed,332.37,354.59,520.0,0.682,medium,True
12,13,Z1,residential,307.87,299.03,380.0,0.787,medium,True
12,13,Z2,commercial,1300.79,1312.79,600.0,2.188,critical,True
12,13,Z3,corridor,287.35,298.81,460.0,0.65,medium,True
12,13,Z4,mixed,349.76,356.9,520.0,0.686,medium,True
12,14,Z1,residential,310.81,289.2,380.0,0.761,medium,True
12,14,Z2,commercial,1303.17,1248.7,600.0,2.081,critical,True
12,14,Z3,corridor,273.9,279.73,460.0,0.608,medium,True
12,14,Z4,mixed,367.37,350.02,520.0,0.673,medium,True
12,15,Z1,residential,298.05,303.5,380.0,0.799,medium,True
12,15,Z2,commercial,1291.2,1302.59,600.0,2.171,critical,True
12,15,Z3,corridor,294.68,293.03,460.0,0.637,medium,True
12,15,Z4,mixed,387.61,374.38,520.0,0.72,medium,True
12,16,Z1,residential,285.65,309.65,380.0,0.815,high,True
12,16,Z2,commercial,1282.32,1269.07,600.0,2.115,critical,True
12,16,Z3,corridor,298.65,289.05,460.0,0.628,medium,True
12,16,Z4,mixed,741.2,723.78,520.0,1.392,critical,True
12,17,Z1,residential,289.15,295.23,380.0,0.777,medium,True
12,17,Z2,commercial,290.72,257.88,600.0,0.43,low,True
12,17,Z3,corridor,846.2,842.17,460.0,1.831,critical,True
12,17,Z4,mixed,760.24,714.37,520.0,1.374,critical,True
12,18,Z1,residential,922.7,1000.32,380.0,2.632,critical,True
12,18,Z2,commercial,332.99,351.21,600.0,0.585,medium,True
12,18,Z3,corridor,848.87,851.47,460.0,1.851,critical,True
12,18,Z4,mixed,707.01,775.18,520.0,1.491,critical,True
12,19,Z1,residential,970.46,970.55,380.0,2.554,critical,True
12,19,Z2,commercial,325.68,364.0,600.0,0.607,medium,True
12,19,Z3,corridor,829.57,825.17,460.0,1.794,critical,True
12,19,Z4,mixed,733.96,738.78,520.0,1.421,critical,True
12,20,Z1,residential,946.81,997.95,380.0,2.626,critical,True
12,20,Z2,commercial,347.53,337.38,600.0,0.562,medium,True
12,20,Z3,corridor,851.38,816.02,460.0,1.774,critical,True
12,20,Z4,mixed,719.31,751.95,520.0,1.446,critical,True
12,21,Z1,residential,950.6,968.38,380.0,2.548,critical,True
12,21,Z2,commercial,336.53,342.97,600.0,0.572,medium,True
12,21,Z3,corridor,839.49,872.62,460.0,1.897,critical,True
12,21,Z4,mixed,727.05,734.49,520.0,1.412,critical,True
12,22,Z1,residential,983.8,1031.4,380.0,2.714,critical,True
12,22,Z2,commercial,271.2,270.26,600.0,0.45,low,True
12,22,Z3,corridor,154.5,150.72,460.0,0.328,low,True
12,22,Z4,mixed,370.81,366.89,520.0,0.706,medium,True
12,23,Z1,residential,124.06,126.52,380.0,0.333,low,True
12,23,Z2,commercial,280.34,277.18,600.0,0.462,low,True
12,23,Z3,corridor,160.17,160.98,460.0,0.35,low,True
12,23,Z4,mixed,229.13,227.31,520.0,0.437,low,True
13,0,Z1,residential,120.79,128.15,380.0,0.337,low,True
13,0,Z2,commercial,266.83,277.66,600.0,0.463,low,True
13,0,Z3,corridor,163.5,155.98,460.0,0.339,low,True
13,0,Z4,mixed,223.32,229.48,520.0,0.441,low,True
13,1,Z1,residential,132.02,130.11,380.0,0.342,low,True
13,1,Z2,commercial,290.09,281.16,600.0,0.469,low,True
13,1,Z3,corridor,168.61,161.67,460.0,0.351,low,True
13,1,Z4,mixed,222.25,211.14,520.0,0.406,low,True
13,2,Z1,residential,136.57,128.14,380.0,0.337,low,True
13,2,Z2,commercial,280.72,288.26,600.0,0.48,low,True
13,2,Z3,corridor,168.16,162.51,460.0,0.353,low,True
13,2,Z4,mixed,235.45,224.09,520.0,0.431,low,True
13,3,Z1,residential,136.74,144.14,380.0,0.379,low,True
13,3,Z2,commercial,300.24,289.18,600.0,0.482,low,True
13,3,Z3,corridor,158.65,170.17,460.0,0.37,low,True
13,3,Z4,mixed,235.07,223.31,520.0,0.429,low,True
13,4,Z1,residential,133.09,127.05,380.0,0.334,low,True
13,4,Z2,commercial,289.79,264.29,600.0,0.44,low,True
13,4,Z3,corridor,155.53,164.55,460.0,0.358,low,True
13,4,Z4,mixed,217.27,221.6,520.0,0.426,low,True
13,5,Z1,residential,325.92,315.14,380.0,0.829,high,True
13,5,Z2,commercial,290.44,277.75,600.0,0.463,low,True
13,5,Z3,corridor,168.14,167.8,460.0,0.365,low,True
13,5,Z4,mixed,228.2,224.73,520.0,0.432,low,True
13,6,Z1,residential,272.03,278.25,380.0,0.732,medium,True
13,6,Z2,commercial,270.36,280.22,600.0,0.467,low,True
13,6,Z3,corridor,280.63,309.73,460.0,0.673,medium,True
13,6,Z4,mixed,364.64,352.2,520.0,0.677,medium,True
13,7,Z1,residential,306.6,280.51,380.0,0.738,medium,True
13,7,Z2,commercial,635.77,614.58,600.0,1.024,critical,True
13,7,Z3,corridor,859.0,899.97,460.0,1.956,critical,True
13,7,Z4,mixed,506.43,490.25,520.0,0.943,high,True
13,8,Z1,residential,284.21,287.35,380.0,0.756,medium,True
13,8,Z2,commercial,629.88,622.95,600.0,1.038,critical,True
13,8,Z3,corridor,886.05,826.48,460.0,1.797,critical,True
13,8,Z4,mixed,488.68,470.28,520.0,0.904,high,True
13,9,Z1,residential,275.25,274.66,380.0,0.723,medium,True
13,9,Z2,commercial,628.08,607.79,600.0,1.013,critical,True
13,9,Z3,corridor,904.1,836.7,460.0,1.819,critical,True
13,9,Z4,mixed,448.73,454.74,520.0,0.875,high,True
13,10,Z1,residential,315.07,303.79,380.0,0.799,medium,True
13,10,Z2,commercial,1259.83,1273.37,600.0,2.122,critical,True
13,10,Z3,corridor,927.19,863.46,460.0,1.877,critical,True
13,10,Z4,mixed,462.17,476.75,520.0,0.917,high,True
13,11,Z1,residential,291.37,315.32,380.0,0.83,high,True
13,11,Z2,commercial,1263.17,1265.38,600.0,2.109,critical,True
13,11,Z3,corridor,295.13,301.95,460.0,0.656,medium,True
13,11,Z4,mixed,364.32,373.92,520.0,0.719,medium,True
13,12,Z1,residential,309.87,305.79,380.0,0.805,high,True
13,12,Z2,commercial,1238.28,1327.76,600.0,2.213,critical,True
13,12,Z3,corridor,292.27,300.72,460.0,0.654,medium,True
13,12,Z4,mixed,346.78,375.76,520.0,0.723,medium,True
13,13,Z1,residential,317.09,299.89,380.0,0.789,medium,True
13,13,Z2,commercial,1252.62,1336.61,600.0,2.228,critical,True
13,13,Z3,corridor,294.57,311.73,460.0,0.678,medium,True
13,13,Z4,mixed,397.75,356.17,520.0,0.685,medium,True
13,14,Z1,residential,293.42,311.25,380.0,0.819,high,True
13,14,Z2,commercial,1230.89,1337.0,600.0,2.228,critical,True
13,14,Z3,corridor,291.71,304.2,460.0,0.661,medium,True
13,14,Z4,mixed,361.67,359.63,520.0,0.692,medium,True
13,15,Z1,residential,315.25,284.76,380.0,0.749,medium,True
13,15,Z2,commercial,1236.21,1275.1,600.0,2.125,critical,True
13,15,Z3,corridor,279.68,286.95,460.0,0.624,medium,True
13,15,Z4,mixed,354.01,355.11,520.0,0.683,medium,True
13,16,Z1,residential,296.11,307.93,380.0,0.81,high,True
13,16,Z2,commercial,1286.72,1296.51,600.0,2.161,critical,True
13,16,Z3,corridor,286.36,288.85,460.0,0.628,medium,True
13,16,Z4,mixed,728.8,759.75,520.0,1.461,critical,True
13,17,Z1,residential,282.28,289.57,380.0,0.762,medium,True
13,17,Z2,commercial,260.71,262.04,600.0,0.437,low,True
13,17,Z3,corridor,910.83,871.52,460.0,1.895,critical,True
13,17,Z4,mixed,728.54,732.36,520.0,1.408,critical,True
13,18,Z1,residential,1035.17,1048.82,380.0,2.76,critical,True
13,18,Z2,commercial,356.88,386.02,600.0,0.643,medium,True
13,18,Z3,corridor,890.28,875.12,460.0,1.902,critical,True
13,18,Z4,mixed,745.73,767.09,520.0,1.475,critical,True
13,19,Z1,residential,1043.34,1019.57,380.0,2.683,critical,True
13,19,Z2,commercial,350.8,357.26,600.0,0.595,medium,True
13,19,Z3,corridor,847.93,867.22,460.0,1.885,critical,True
13,19,Z4,mixed,743.05,735.3,520.0,1.414,critical,True
13,20,Z1,residential,1048.45,1026.9,380.0,2.702,critical,True
13,20,Z2,commercial,367.3,364.43,600.0,0.607,medium,True
13,20,Z3,corridor,880.37,889.05,460.0,1.933,critical,True
13,20,Z4,mixed,748.84,726.3,520.0,1.397,critical,True
13,21,Z1,residential,1083.58,1042.01,380.0,2.742,critical,True
13,21,Z2,commercial,345.06,366.72,600.0,0.611,medium,True
13,21,Z3,corridor,906.92,955.25,460.0,2.077,critical,True
13,21,Z4,mixed,748.2,827.02,520.0,1.59,critical,True
13,22,Z1,residential,1006.31,1063.63,380.0,2.799,critical,True
13,22,Z2,commercial,255.36,272.53,600.0,0.454,low,True
13,22,Z3,corridor,158.71,157.84,460.0,0.343,low,True
13,22,Z4,mixed,368.26,374.92,520.0,0.721,medium,True
13,23,Z1,residential,138.32,135.65,380.0,0.357,low,True
13,23,Z2,commercial,284.32,278.29,600.0,0.464,low,True
13,23,Z3,corridor,161.71,153.52,460.0,0.334,low,True
13,23,Z4,mixed,218.07,231.35,520.0,0.445,low,True
